"year","remark","Lv","Lv_numeric","value","response","response_label"
"2021","N",1,1,0,"biomass_jun","Biomass June"
"2021","I",1,1,0,"biomass_jun","Biomass June"
"2021","AF",1,1,0,"biomass_jun","Biomass June"
"2021","AF",1,1,0,"biomass_jun","Biomass June"
"2021","10",10,10,0,"biomass_jun","Biomass June"
"2021","N",1,1,0,"biomass_jun","Biomass June"
"2021","W",1,1,0,"biomass_jun","Biomass June"
"2021","D",1,1,0,"biomass_jun","Biomass June"
"2021","W",1,1,0,"biomass_jun","Biomass June"
"2021","10",10,10,0,"biomass_jun","Biomass June"
"2021","2",2,2,0,"biomass_jun","Biomass June"
"2021","MP",1,1,0,"biomass_jun","Biomass June"
"2021","2",2,2,0,"biomass_jun","Biomass June"
"2021","8",8,8,0,"biomass_jun","Biomass June"
"2021","4",4,4,0,"biomass_jun","Biomass June"
"2021","4",4,4,0,"biomass_jun","Biomass June"
"2021","MP",1,1,0,"biomass_jun","Biomass June"
"2021","2",2,2,0,"biomass_jun","Biomass June"
"2021","W",1,1,0,"biomass_jun","Biomass June"
"2021","6",6,6,0,"biomass_jun","Biomass June"
"2021","I",1,1,0,"biomass_jun","Biomass June"
"2021","S",1,1,0,"biomass_jun","Biomass June"
"2021","CT",0,0,0,"biomass_jun","Biomass June"
"2021","8",8,8,0,"biomass_jun","Biomass June"
"2021","N",1,1,0,"biomass_jun","Biomass June"
"2021","CT",0,0,0,"biomass_jun","Biomass June"
"2021","CT",0,0,0,"biomass_jun","Biomass June"
"2021","I",1,1,0,"biomass_jun","Biomass June"
"2021","W",1,1,0,"biomass_jun","Biomass June"
"2021","HM",1,1,0,"biomass_jun","Biomass June"
"2021","S",1,1,0,"biomass_jun","Biomass June"
"2021","6",6,6,0,"biomass_jun","Biomass June"
"2021","6",6,6,0,"biomass_jun","Biomass June"
"2021","10",10,10,0,"biomass_jun","Biomass June"
"2021","8",8,8,0,"biomass_jun","Biomass June"
"2021","HM",1,1,0,"biomass_jun","Biomass June"
"2021","4",4,4,0,"biomass_jun","Biomass June"
"2021","6",6,6,0,"biomass_jun","Biomass June"
"2021","I",1,1,0,"biomass_jun","Biomass June"
"2021","CT",0,0,0,"biomass_jun","Biomass June"
"2021","CT",0,0,0,"biomass_jun","Biomass June"
"2021","MP",1,1,0,"biomass_jun","Biomass June"
"2021","S",1,1,0,"biomass_jun","Biomass June"
"2021","MP",1,1,0,"biomass_jun","Biomass June"
"2021","W",1,1,0,"biomass_jun","Biomass June"
"2021","CT",0,0,0,"biomass_jun","Biomass June"
"2021","4",4,4,0,"biomass_jun","Biomass June"
"2021","CT",0,0,0,"biomass_jun","Biomass June"
"2021","10",10,10,0,"biomass_jun","Biomass June"
"2021","2",2,2,0,"biomass_jun","Biomass June"
"2021","8",8,8,0,"biomass_jun","Biomass June"
"2021","D",1,1,0,"biomass_jun","Biomass June"
"2021","SF",1,1,0,"biomass_jun","Biomass June"
"2021","2",2,2,0,"biomass_jun","Biomass June"
"2021","AF",1,1,0,"biomass_jun","Biomass June"
"2021","SF",1,1,0,"biomass_jun","Biomass June"
"2021","2",2,2,0,"biomass_jun","Biomass June"
"2021","6",6,6,0,"biomass_jun","Biomass June"
"2021","2",2,2,0,"biomass_jun","Biomass June"
"2021","SF",1,1,0,"biomass_jun","Biomass June"
"2021","4",4,4,0,"biomass_jun","Biomass June"
"2021","D",1,1,0,"biomass_jun","Biomass June"
"2021","AF",1,1,0,"biomass_jun","Biomass June"
"2021","10",10,10,0,"biomass_jun","Biomass June"
"2021","8",8,8,0,"biomass_jun","Biomass June"
"2021","SF",1,1,0,"biomass_jun","Biomass June"
"2021","10",10,10,0,"biomass_jun","Biomass June"
"2021","N",1,1,0,"biomass_jun","Biomass June"
"2021","HM",1,1,0,"biomass_jun","Biomass June"
"2021","AF",1,1,0,"biomass_jun","Biomass June"
"2021","I",1,1,0,"biomass_jun","Biomass June"
"2021","SF",1,1,0,"biomass_jun","Biomass June"
"2021","W",1,1,0,"biomass_jun","Biomass June"
"2021","W",1,1,0,"biomass_jun","Biomass June"
"2021","S",1,1,0,"biomass_jun","Biomass June"
"2021","4",4,4,0,"biomass_jun","Biomass June"
"2021","D",1,1,0,"biomass_jun","Biomass June"
"2021","2",2,2,0,"biomass_jun","Biomass June"
"2021","AF",1,1,0,"biomass_jun","Biomass June"
"2021","W",1,1,0,"biomass_jun","Biomass June"
"2021","2",2,2,0,"biomass_jun","Biomass June"
"2021","10",10,10,0,"biomass_jun","Biomass June"
"2021","A",1,1,0,"biomass_jun","Biomass June"
"2021","2",2,2,0,"biomass_jun","Biomass June"
"2021","8",8,8,0,"biomass_jun","Biomass June"
"2021","D",1,1,0,"biomass_jun","Biomass June"
"2021","S",1,1,0,"biomass_jun","Biomass June"
"2021","HM",1,1,0,"biomass_jun","Biomass June"
"2021","CT",0,0,0,"biomass_jun","Biomass June"
"2021","6",6,6,0,"biomass_jun","Biomass June"
"2021","I",1,1,0,"biomass_jun","Biomass June"
"2021","A",1,1,0,"biomass_jun","Biomass June"
"2021","MP",1,1,0,"biomass_jun","Biomass June"
"2021","AF",1,1,0,"biomass_jun","Biomass June"
"2021","4",4,4,0,"biomass_jun","Biomass June"
"2021","SF",1,1,0,"biomass_jun","Biomass June"
"2021","6",6,6,0,"biomass_jun","Biomass June"
"2021","MP",1,1,0,"biomass_jun","Biomass June"
"2021","6",6,6,0,"biomass_jun","Biomass June"
"2021","CT",0,0,0,"biomass_jun","Biomass June"
"2021","10",10,10,0,"biomass_jun","Biomass June"
"2021","4",4,4,0,"biomass_jun","Biomass June"
"2021","N",1,1,0,"biomass_jun","Biomass June"
"2021","6",6,6,0,"biomass_jun","Biomass June"
"2021","A",1,1,0,"biomass_jun","Biomass June"
"2021","10",10,10,0,"biomass_jun","Biomass June"
"2021","10",10,10,0,"biomass_jun","Biomass June"
"2021","S",1,1,0,"biomass_jun","Biomass June"
"2021","SF",1,1,0,"biomass_jun","Biomass June"
"2021","D",1,1,0,"biomass_jun","Biomass June"
"2021","A",1,1,0,"biomass_jun","Biomass June"
"2021","2",2,2,0,"biomass_jun","Biomass June"
"2021","HM",1,1,0,"biomass_jun","Biomass June"
"2021","4",4,4,0,"biomass_jun","Biomass June"
"2021","8",8,8,0,"biomass_jun","Biomass June"
"2021","8",8,8,0,"biomass_jun","Biomass June"
"2021","HM",1,1,0,"biomass_jun","Biomass June"
"2021","CT",0,0,0,"biomass_jun","Biomass June"
"2021","S",1,1,0,"biomass_jun","Biomass June"
"2021","MP",1,1,0,"biomass_jun","Biomass June"
"2021","6",6,6,0,"biomass_jun","Biomass June"
"2021","HM",1,1,0,"biomass_jun","Biomass June"
"2021","D",1,1,0,"biomass_jun","Biomass June"
"2021","6",6,6,0,"biomass_jun","Biomass June"
"2021","CT",0,0,0,"biomass_jun","Biomass June"
"2021","8",8,8,0,"biomass_jun","Biomass June"
"2021","A",1,1,0,"biomass_jun","Biomass June"
"2021","2",2,2,0,"biomass_jun","Biomass June"
"2021","4",4,4,0,"biomass_jun","Biomass June"
"2021","10",10,10,0,"biomass_jun","Biomass June"
"2021","A",1,1,0,"biomass_jun","Biomass June"
"2021","N",1,1,0,"biomass_jun","Biomass June"
"2021","CT",0,0,0,"biomass_jun","Biomass June"
"2021","N",1,1,0,"biomass_jun","Biomass June"
"2021","SF",1,1,0,"biomass_jun","Biomass June"
"2021","HM",1,1,0,"biomass_jun","Biomass June"
"2021","AF",1,1,0,"biomass_jun","Biomass June"
"2021","6",6,6,0,"biomass_jun","Biomass June"
"2021","I",1,1,0,"biomass_jun","Biomass June"
"2021","8",8,8,0,"biomass_jun","Biomass June"
"2021","CT",0,0,0,"biomass_jun","Biomass June"
"2021","8",8,8,0,"biomass_jun","Biomass June"
"2021","10",10,10,0,"biomass_jun","Biomass June"
"2021","A",1,1,0,"biomass_jun","Biomass June"
"2021","I",1,1,0,"biomass_jun","Biomass June"
"2021","N",1,1,0,"biomass_jun","Biomass June"
"2021","4",4,4,0,"biomass_jun","Biomass June"
"2021","CT",0,0,0,"biomass_jun","Biomass June"
"2021","4",4,4,0,"biomass_jun","Biomass June"
"2021","S",1,1,0,"biomass_jun","Biomass June"
"2021","8",8,8,0,"biomass_jun","Biomass June"
"2021","D",1,1,0,"biomass_jun","Biomass June"
"2021","MP",1,1,0,"biomass_jun","Biomass June"
"2021","A",1,1,0,"biomass_jun","Biomass June"
"2022","N",1,1,1002.5,"biomass_jun","Biomass June"
"2022","I",1,1,1258.9,"biomass_jun","Biomass June"
"2022","AF",1,1,1428.2,"biomass_jun","Biomass June"
"2022","AF",1,1,2068.2,"biomass_jun","Biomass June"
"2022","10",10,10,1324.8,"biomass_jun","Biomass June"
"2022","N",1,1,1839.8,"biomass_jun","Biomass June"
"2022","W",1,1,2510.6,"biomass_jun","Biomass June"
"2022","D",1,1,2069.6,"biomass_jun","Biomass June"
"2022","W",1,1,2374,"biomass_jun","Biomass June"
"2022","10",10,10,1748.8,"biomass_jun","Biomass June"
"2022","2",2,2,1236,"biomass_jun","Biomass June"
"2022","2",2,2,1439,"biomass_jun","Biomass June"
"2022","8",8,8,1219.6,"biomass_jun","Biomass June"
"2022","4",4,4,1421.8,"biomass_jun","Biomass June"
"2022","4",4,4,1202.1,"biomass_jun","Biomass June"
"2022","MP",1,1,2210.3,"biomass_jun","Biomass June"
"2022","2",2,2,1720.4,"biomass_jun","Biomass June"
"2022","W",1,1,2460.6,"biomass_jun","Biomass June"
"2022","6",6,6,2435.9,"biomass_jun","Biomass June"
"2022","S",1,1,1828.1,"biomass_jun","Biomass June"
"2022","CT",0,0,1190.2,"biomass_jun","Biomass June"
"2022","8",8,8,882.4,"biomass_jun","Biomass June"
"2022","N",1,1,1804.58,"biomass_jun","Biomass June"
"2022","CT",0,0,1955.9,"biomass_jun","Biomass June"
"2022","CT",0,0,2031.7,"biomass_jun","Biomass June"
"2022","I",1,1,1813.8,"biomass_jun","Biomass June"
"2022","W",1,1,2038.7,"biomass_jun","Biomass June"
"2022","HM",1,1,1902.3,"biomass_jun","Biomass June"
"2022","S",1,1,1829.4,"biomass_jun","Biomass June"
"2022","6",6,6,2080,"biomass_jun","Biomass June"
"2022","6",6,6,2295,"biomass_jun","Biomass June"
"2022","10",10,10,832.1,"biomass_jun","Biomass June"
"2022","8",8,8,749.5,"biomass_jun","Biomass June"
"2022","HM",1,1,1049.1,"biomass_jun","Biomass June"
"2022","4",4,4,1115.4,"biomass_jun","Biomass June"
"2022","6",6,6,923.6,"biomass_jun","Biomass June"
"2022","I",1,1,1129.4,"biomass_jun","Biomass June"
"2022","CT",0,0,1577.8,"biomass_jun","Biomass June"
"2022","CT",0,0,1668.8,"biomass_jun","Biomass June"
"2022","MP",1,1,2000.4,"biomass_jun","Biomass June"
"2022","S",1,1,1779.3,"biomass_jun","Biomass June"
"2022","MP",1,1,2260.3,"biomass_jun","Biomass June"
"2022","4",4,4,330.1,"biomass_jun","Biomass June"
"2022","10",10,10,919.7,"biomass_jun","Biomass June"
"2022","2",2,2,1656.2,"biomass_jun","Biomass June"
"2022","8",8,8,1259,"biomass_jun","Biomass June"
"2022","D",1,1,1523.9,"biomass_jun","Biomass June"
"2022","SF",1,1,1755.3,"biomass_jun","Biomass June"
"2022","2",2,2,1798.1,"biomass_jun","Biomass June"
"2022","AF",1,1,1977,"biomass_jun","Biomass June"
"2022","SF",1,1,1306.5,"biomass_jun","Biomass June"
"2022","2",2,2,747.9,"biomass_jun","Biomass June"
"2022","6",6,6,572.8,"biomass_jun","Biomass June"
"2022","2",2,2,518.3,"biomass_jun","Biomass June"
"2022","SF",1,1,1061.4,"biomass_jun","Biomass June"
"2022","4",4,4,1953.8,"biomass_jun","Biomass June"
"2022","D",1,1,1035.1,"biomass_jun","Biomass June"
"2022","AF",1,1,1386.6,"biomass_jun","Biomass June"
"2022","8",8,8,2111.5,"biomass_jun","Biomass June"
"2022","SF",1,1,1870.1,"biomass_jun","Biomass June"
"2022","10",10,10,926.5,"biomass_jun","Biomass June"
"2022","N",1,1,1367.3,"biomass_jun","Biomass June"
"2022","HM",1,1,908.6,"biomass_jun","Biomass June"
"2022","AF",1,1,992.3,"biomass_jun","Biomass June"
"2022","I",1,1,1220.4,"biomass_jun","Biomass June"
"2022","SF",1,1,1601.6,"biomass_jun","Biomass June"
"2022","W",1,1,1013.4,"biomass_jun","Biomass June"
"2022","W",1,1,1428.4,"biomass_jun","Biomass June"
"2022","S",1,1,1406.4,"biomass_jun","Biomass June"
"2022","4",4,4,1864.3,"biomass_jun","Biomass June"
"2022","D",1,1,1604.6,"biomass_jun","Biomass June"
"2022","2",2,2,1332.1,"biomass_jun","Biomass June"
"2022","AF",1,1,1280.8,"biomass_jun","Biomass June"
"2022","W",1,1,770.7,"biomass_jun","Biomass June"
"2022","2",2,2,1053.4,"biomass_jun","Biomass June"
"2022","10",10,10,871.1,"biomass_jun","Biomass June"
"2022","A",1,1,1495.8,"biomass_jun","Biomass June"
"2022","2",2,2,1443,"biomass_jun","Biomass June"
"2022","8",8,8,1284,"biomass_jun","Biomass June"
"2022","D",1,1,1451,"biomass_jun","Biomass June"
"2022","S",1,1,1607.5,"biomass_jun","Biomass June"
"2022","HM",1,1,1974.5,"biomass_jun","Biomass June"
"2022","CT",0,0,1333.9,"biomass_jun","Biomass June"
"2022","6",6,6,884,"biomass_jun","Biomass June"
"2022","I",1,1,1389.7,"biomass_jun","Biomass June"
"2022","A",1,1,1266.4,"biomass_jun","Biomass June"
"2022","MP",1,1,1419.6,"biomass_jun","Biomass June"
"2022","AF",1,1,1565.6,"biomass_jun","Biomass June"
"2022","4",4,4,1390.7,"biomass_jun","Biomass June"
"2022","SF",1,1,1110.7,"biomass_jun","Biomass June"
"2022","6",6,6,1974.1,"biomass_jun","Biomass June"
"2022","MP",1,1,1802,"biomass_jun","Biomass June"
"2022","6",6,6,1678.1,"biomass_jun","Biomass June"
"2022","CT",0,0,1112.2,"biomass_jun","Biomass June"
"2022","10",10,10,794.3,"biomass_jun","Biomass June"
"2022","N",1,1,1299.9,"biomass_jun","Biomass June"
"2022","6",6,6,1421.58,"biomass_jun","Biomass June"
"2022","A",1,1,1797.4,"biomass_jun","Biomass June"
"2022","10",10,10,1149.7,"biomass_jun","Biomass June"
"2022","10",10,10,1231.4,"biomass_jun","Biomass June"
"2022","S",1,1,1382.3,"biomass_jun","Biomass June"
"2022","SF",1,1,1655.7,"biomass_jun","Biomass June"
"2022","D",1,1,1784.8,"biomass_jun","Biomass June"
"2022","A",1,1,1172.7,"biomass_jun","Biomass June"
"2022","2",2,2,1617.9,"biomass_jun","Biomass June"
"2022","HM",1,1,1330.5,"biomass_jun","Biomass June"
"2022","4",4,4,1073.3,"biomass_jun","Biomass June"
"2022","8",8,8,1251.3,"biomass_jun","Biomass June"
"2022","HM",1,1,1268.1,"biomass_jun","Biomass June"
"2022","CT",0,0,1499.4,"biomass_jun","Biomass June"
"2022","S",1,1,1266.1,"biomass_jun","Biomass June"
"2022","MP",1,1,1569.2,"biomass_jun","Biomass June"
"2022","6",6,6,1781.3,"biomass_jun","Biomass June"
"2022","HM",1,1,1177.2,"biomass_jun","Biomass June"
"2022","D",1,1,969.6,"biomass_jun","Biomass June"
"2022","6",6,6,1198.1,"biomass_jun","Biomass June"
"2022","CT",0,0,1230.7,"biomass_jun","Biomass June"
"2022","8",8,8,1097.6,"biomass_jun","Biomass June"
"2022","A",1,1,1575.3,"biomass_jun","Biomass June"
"2022","2",2,2,1244.5,"biomass_jun","Biomass June"
"2022","4",4,4,1360.3,"biomass_jun","Biomass June"
"2022","10",10,10,1107.6,"biomass_jun","Biomass June"
"2022","A",1,1,1468.1,"biomass_jun","Biomass June"
"2022","N",1,1,1416.1,"biomass_jun","Biomass June"
"2022","CT",0,0,1442.9,"biomass_jun","Biomass June"
"2022","N",1,1,1535.2,"biomass_jun","Biomass June"
"2022","SF",1,1,1556.1,"biomass_jun","Biomass June"
"2022","HM",1,1,1972.8,"biomass_jun","Biomass June"
"2022","AF",1,1,1396.3,"biomass_jun","Biomass June"
"2022","6",6,6,1238.2,"biomass_jun","Biomass June"
"2022","I",1,1,1006.2,"biomass_jun","Biomass June"
"2022","8",8,8,1258,"biomass_jun","Biomass June"
"2022","CT",0,0,1317,"biomass_jun","Biomass June"
"2022","8",8,8,1327.1,"biomass_jun","Biomass June"
"2022","10",10,10,868.8,"biomass_jun","Biomass June"
"2022","I",1,1,1495.1,"biomass_jun","Biomass June"
"2022","N",1,1,1491.3,"biomass_jun","Biomass June"
"2022","CT",0,0,1488.1,"biomass_jun","Biomass June"
"2022","S",1,1,658.7,"biomass_jun","Biomass June"
"2022","8",8,8,1228.4,"biomass_jun","Biomass June"
"2022","D",1,1,1509.2,"biomass_jun","Biomass June"
"2022","MP",1,1,1500.6,"biomass_jun","Biomass June"
"2022","A",1,1,1294.2,"biomass_jun","Biomass June"
"2023","N",1,1,395.7,"biomass_jun","Biomass June"
"2023","I",1,1,705.7,"biomass_jun","Biomass June"
"2023","AF",1,1,610.2,"biomass_jun","Biomass June"
"2023","AF",1,1,536.8,"biomass_jun","Biomass June"
"2023","10",10,10,432.3,"biomass_jun","Biomass June"
"2023","N",1,1,252,"biomass_jun","Biomass June"
"2023","W",1,1,342.4,"biomass_jun","Biomass June"
"2023","D",1,1,439.9,"biomass_jun","Biomass June"
"2023","W",1,1,306.1,"biomass_jun","Biomass June"
"2023","10",10,10,356.2,"biomass_jun","Biomass June"
"2023","2",2,2,335.9,"biomass_jun","Biomass June"
"2023","MP",1,1,554.4,"biomass_jun","Biomass June"
"2023","2",2,2,604.5,"biomass_jun","Biomass June"
"2023","8",8,8,369.3,"biomass_jun","Biomass June"
"2023","4",4,4,293.6,"biomass_jun","Biomass June"
"2023","4",4,4,174.7,"biomass_jun","Biomass June"
"2023","MP",1,1,518.4,"biomass_jun","Biomass June"
"2023","2",2,2,490.2,"biomass_jun","Biomass June"
"2023","W",1,1,412.7,"biomass_jun","Biomass June"
"2023","6",6,6,262.6,"biomass_jun","Biomass June"
"2023","I",1,1,262.6,"biomass_jun","Biomass June"
"2023","S",1,1,168.5,"biomass_jun","Biomass June"
"2023","CT",0,0,722.6,"biomass_jun","Biomass June"
"2023","8",8,8,447.1,"biomass_jun","Biomass June"
"2023","N",1,1,826.5,"biomass_jun","Biomass June"
"2023","CT",0,0,696.9,"biomass_jun","Biomass June"
"2023","CT",0,0,363.9,"biomass_jun","Biomass June"
"2023","I",1,1,310.8,"biomass_jun","Biomass June"
"2023","W",1,1,344.3,"biomass_jun","Biomass June"
"2023","HM",1,1,391.6,"biomass_jun","Biomass June"
"2023","S",1,1,206.5,"biomass_jun","Biomass June"
"2023","6",6,6,229.8,"biomass_jun","Biomass June"
"2023","6",6,6,202.3,"biomass_jun","Biomass June"
"2023","10",10,10,564.1,"biomass_jun","Biomass June"
"2023","8",8,8,515.7,"biomass_jun","Biomass June"
"2023","HM",1,1,775,"biomass_jun","Biomass June"
"2023","4",4,4,663.5,"biomass_jun","Biomass June"
"2023","6",6,6,357.9,"biomass_jun","Biomass June"
"2023","I",1,1,683.9,"biomass_jun","Biomass June"
"2023","CT",0,0,607.4,"biomass_jun","Biomass June"
"2023","CT",0,0,427.1,"biomass_jun","Biomass June"
"2023","MP",1,1,550.1,"biomass_jun","Biomass June"
"2023","S",1,1,221.4,"biomass_jun","Biomass June"
"2023","MP",1,1,360,"biomass_jun","Biomass June"
"2023","W",1,1,598.3,"biomass_jun","Biomass June"
"2023","CT",0,0,799.7,"biomass_jun","Biomass June"
"2023","4",4,4,495.5,"biomass_jun","Biomass June"
"2023","CT",0,0,726.3,"biomass_jun","Biomass June"
"2023","10",10,10,552.5,"biomass_jun","Biomass June"
"2023","2",2,2,730.3,"biomass_jun","Biomass June"
"2023","8",8,8,465.9,"biomass_jun","Biomass June"
"2023","D",1,1,638.2,"biomass_jun","Biomass June"
"2023","SF",1,1,383.3,"biomass_jun","Biomass June"
"2023","2",2,2,319,"biomass_jun","Biomass June"
"2023","AF",1,1,285.2,"biomass_jun","Biomass June"
"2023","SF",1,1,860.1,"biomass_jun","Biomass June"
"2023","2",2,2,531.9,"biomass_jun","Biomass June"
"2023","6",6,6,462.8,"biomass_jun","Biomass June"
"2023","2",2,2,468.3,"biomass_jun","Biomass June"
"2023","SF",1,1,724.9,"biomass_jun","Biomass June"
"2023","4",4,4,801.6,"biomass_jun","Biomass June"
"2023","D",1,1,557.7,"biomass_jun","Biomass June"
"2023","AF",1,1,477.8,"biomass_jun","Biomass June"
"2023","10",10,10,328.7,"biomass_jun","Biomass June"
"2023","8",8,8,454.9,"biomass_jun","Biomass June"
"2023","SF",1,1,382.3,"biomass_jun","Biomass June"
"2023","10",10,10,413.6,"biomass_jun","Biomass June"
"2023","N",1,1,782.2,"biomass_jun","Biomass June"
"2023","HM",1,1,570.3,"biomass_jun","Biomass June"
"2023","AF",1,1,930,"biomass_jun","Biomass June"
"2023","I",1,1,790.8,"biomass_jun","Biomass June"
"2023","SF",1,1,885.6,"biomass_jun","Biomass June"
"2023","W",1,1,414.7,"biomass_jun","Biomass June"
"2023","W",1,1,271,"biomass_jun","Biomass June"
"2023","S",1,1,366.7,"biomass_jun","Biomass June"
"2023","4",4,4,577.2,"biomass_jun","Biomass June"
"2023","D",1,1,339.5,"biomass_jun","Biomass June"
"2023","2",2,2,817.6,"biomass_jun","Biomass June"
"2023","AF",1,1,929.5,"biomass_jun","Biomass June"
"2023","W",1,1,394.7,"biomass_jun","Biomass June"
"2023","2",2,2,848.3,"biomass_jun","Biomass June"
"2023","10",10,10,551.2,"biomass_jun","Biomass June"
"2023","A",1,1,841,"biomass_jun","Biomass June"
"2023","2",2,2,906.9,"biomass_jun","Biomass June"
"2023","8",8,8,578.2,"biomass_jun","Biomass June"
"2023","D",1,1,588,"biomass_jun","Biomass June"
"2023","S",1,1,396,"biomass_jun","Biomass June"
"2023","HM",1,1,467.4,"biomass_jun","Biomass June"
"2023","CT",0,0,1106.9,"biomass_jun","Biomass June"
"2023","6",6,6,533,"biomass_jun","Biomass June"
"2023","I",1,1,769.1,"biomass_jun","Biomass June"
"2023","A",1,1,997.6,"biomass_jun","Biomass June"
"2023","MP",1,1,993.5,"biomass_jun","Biomass June"
"2023","AF",1,1,909.1,"biomass_jun","Biomass June"
"2023","4",4,4,529.4,"biomass_jun","Biomass June"
"2023","SF",1,1,614.6,"biomass_jun","Biomass June"
"2023","6",6,6,376,"biomass_jun","Biomass June"
"2023","MP",1,1,615.7,"biomass_jun","Biomass June"
"2023","6",6,6,343,"biomass_jun","Biomass June"
"2023","CT",0,0,701.6,"biomass_jun","Biomass June"
"2023","10",10,10,386.8,"biomass_jun","Biomass June"
"2023","4",4,4,448.6,"biomass_jun","Biomass June"
"2023","N",1,1,752.4,"biomass_jun","Biomass June"
"2023","6",6,6,831.9,"biomass_jun","Biomass June"
"2023","A",1,1,644.9,"biomass_jun","Biomass June"
"2023","10",10,10,365.4,"biomass_jun","Biomass June"
"2023","10",10,10,718.6,"biomass_jun","Biomass June"
"2023","S",1,1,719.4,"biomass_jun","Biomass June"
"2023","SF",1,1,462.1,"biomass_jun","Biomass June"
"2023","D",1,1,431.4,"biomass_jun","Biomass June"
"2023","A",1,1,661.1,"biomass_jun","Biomass June"
"2023","2",2,2,758.7,"biomass_jun","Biomass June"
"2023","HM",1,1,1125.4,"biomass_jun","Biomass June"
"2023","4",4,4,740.5,"biomass_jun","Biomass June"
"2023","8",8,8,609.5,"biomass_jun","Biomass June"
"2023","8",8,8,494.1,"biomass_jun","Biomass June"
"2023","HM",1,1,886.5,"biomass_jun","Biomass June"
"2023","CT",0,0,979.9,"biomass_jun","Biomass June"
"2023","S",1,1,873.7,"biomass_jun","Biomass June"
"2023","MP",1,1,616.3,"biomass_jun","Biomass June"
"2023","6",6,6,553.3,"biomass_jun","Biomass June"
"2023","HM",1,1,776.6,"biomass_jun","Biomass June"
"2023","D",1,1,681.5,"biomass_jun","Biomass June"
"2023","6",6,6,505.5,"biomass_jun","Biomass June"
"2023","CT",0,0,1097.8,"biomass_jun","Biomass June"
"2023","8",8,8,564,"biomass_jun","Biomass June"
"2023","A",1,1,1298.2,"biomass_jun","Biomass June"
"2023","2",2,2,610.5,"biomass_jun","Biomass June"
"2023","4",4,4,318.6,"biomass_jun","Biomass June"
"2023","10",10,10,458.6,"biomass_jun","Biomass June"
"2023","A",1,1,513.7,"biomass_jun","Biomass June"
"2023","N",1,1,496.5,"biomass_jun","Biomass June"
"2023","CT",0,0,743.1,"biomass_jun","Biomass June"
"2023","N",1,1,1075,"biomass_jun","Biomass June"
"2023","SF",1,1,1275.6,"biomass_jun","Biomass June"
"2023","HM",1,1,913.6,"biomass_jun","Biomass June"
"2023","AF",1,1,1198.8,"biomass_jun","Biomass June"
"2023","6",6,6,958.1,"biomass_jun","Biomass June"
"2023","I",1,1,889.3,"biomass_jun","Biomass June"
"2023","8",8,8,973.8,"biomass_jun","Biomass June"
"2023","CT",0,0,846.1,"biomass_jun","Biomass June"
"2023","8",8,8,541.5,"biomass_jun","Biomass June"
"2023","10",10,10,630.4,"biomass_jun","Biomass June"
"2023","A",1,1,467.4,"biomass_jun","Biomass June"
"2023","I",1,1,958.1,"biomass_jun","Biomass June"
"2023","N",1,1,884.1,"biomass_jun","Biomass June"
"2023","4",4,4,840.6,"biomass_jun","Biomass June"
"2023","CT",0,0,1040,"biomass_jun","Biomass June"
"2023","4",4,4,809.7,"biomass_jun","Biomass June"
"2023","S",1,1,814.8,"biomass_jun","Biomass June"
"2023","8",8,8,603.4,"biomass_jun","Biomass June"
"2023","D",1,1,689.1,"biomass_jun","Biomass June"
"2023","MP",1,1,902.9,"biomass_jun","Biomass June"
"2023","A",1,1,1002.6,"biomass_jun","Biomass June"
"2024","N",1,1,712.8,"biomass_jun","Biomass June"
"2024","I",1,1,889.3,"biomass_jun","Biomass June"
"2024","AF",1,1,769.7,"biomass_jun","Biomass June"
"2024","AF",1,1,698.1,"biomass_jun","Biomass June"
"2024","10",10,10,471.2,"biomass_jun","Biomass June"
"2024","N",1,1,638.3,"biomass_jun","Biomass June"
"2024","W",1,1,444.3,"biomass_jun","Biomass June"
"2024","D",1,1,635,"biomass_jun","Biomass June"
"2024","W",1,1,425.1,"biomass_jun","Biomass June"
"2024","10",10,10,515.4,"biomass_jun","Biomass June"
"2024","2",2,2,342.4,"biomass_jun","Biomass June"
"2024","MP",1,1,770.4,"biomass_jun","Biomass June"
"2024","2",2,2,662,"biomass_jun","Biomass June"
"2024","8",8,8,646.6,"biomass_jun","Biomass June"
"2024","4",4,4,634.1,"biomass_jun","Biomass June"
"2024","4",4,4,354.5,"biomass_jun","Biomass June"
"2024","MP",1,1,849,"biomass_jun","Biomass June"
"2024","2",2,2,617.8,"biomass_jun","Biomass June"
"2024","W",1,1,445.4,"biomass_jun","Biomass June"
"2024","6",6,6,362.2,"biomass_jun","Biomass June"
"2024","I",1,1,828.4,"biomass_jun","Biomass June"
"2024","S",1,1,477.9,"biomass_jun","Biomass June"
"2024","CT",0,0,846.7,"biomass_jun","Biomass June"
"2024","8",8,8,620.3,"biomass_jun","Biomass June"
"2024","N",1,1,844.6,"biomass_jun","Biomass June"
"2024","CT",0,0,917.9,"biomass_jun","Biomass June"
"2024","CT",0,0,634.7,"biomass_jun","Biomass June"
"2024","I",1,1,799.8,"biomass_jun","Biomass June"
"2024","W",1,1,587.1,"biomass_jun","Biomass June"
"2024","HM",1,1,796.4,"biomass_jun","Biomass June"
"2024","S",1,1,716.1,"biomass_jun","Biomass June"
"2024","6",6,6,443.7,"biomass_jun","Biomass June"
"2024","6",6,6,585.7,"biomass_jun","Biomass June"
"2024","10",10,10,598.1,"biomass_jun","Biomass June"
"2024","8",8,8,503.8,"biomass_jun","Biomass June"
"2024","HM",1,1,673.5,"biomass_jun","Biomass June"
"2024","4",4,4,736.6,"biomass_jun","Biomass June"
"2024","6",6,6,342.7,"biomass_jun","Biomass June"
"2024","I",1,1,587,"biomass_jun","Biomass June"
"2024","CT",0,0,687.1,"biomass_jun","Biomass June"
"2024","CT",0,0,643.9,"biomass_jun","Biomass June"
"2024","MP",1,1,669.9,"biomass_jun","Biomass June"
"2024","S",1,1,270.4,"biomass_jun","Biomass June"
"2024","MP",1,1,491.2,"biomass_jun","Biomass June"
"2024","W",1,1,822.5,"biomass_jun","Biomass June"
"2024","CT",0,0,907.8,"biomass_jun","Biomass June"
"2024","4",4,4,559.2,"biomass_jun","Biomass June"
"2024","CT",0,0,957.7,"biomass_jun","Biomass June"
"2024","10",10,10,477,"biomass_jun","Biomass June"
"2024","2",2,2,877.6,"biomass_jun","Biomass June"
"2024","8",8,8,477.4,"biomass_jun","Biomass June"
"2024","D",1,1,617.3,"biomass_jun","Biomass June"
"2024","SF",1,1,588.1,"biomass_jun","Biomass June"
"2024","2",2,2,663,"biomass_jun","Biomass June"
"2024","AF",1,1,531.2,"biomass_jun","Biomass June"
"2024","SF",1,1,777.4,"biomass_jun","Biomass June"
"2024","2",2,2,669.9,"biomass_jun","Biomass June"
"2024","6",6,6,491.7,"biomass_jun","Biomass June"
"2024","2",2,2,616.7,"biomass_jun","Biomass June"
"2024","SF",1,1,827.5,"biomass_jun","Biomass June"
"2024","4",4,4,970.7,"biomass_jun","Biomass June"
"2024","D",1,1,577,"biomass_jun","Biomass June"
"2024","AF",1,1,663.7,"biomass_jun","Biomass June"
"2024","10",10,10,493.5,"biomass_jun","Biomass June"
"2024","8",8,8,751.3,"biomass_jun","Biomass June"
"2024","SF",1,1,584.2,"biomass_jun","Biomass June"
"2024","10",10,10,758.3,"biomass_jun","Biomass June"
"2024","N",1,1,973.3,"biomass_jun","Biomass June"
"2024","HM",1,1,890.2,"biomass_jun","Biomass June"
"2024","AF",1,1,1088.9,"biomass_jun","Biomass June"
"2024","I",1,1,1043.3,"biomass_jun","Biomass June"
"2024","SF",1,1,898.4,"biomass_jun","Biomass June"
"2024","W",1,1,615.6,"biomass_jun","Biomass June"
"2024","W",1,1,551.9,"biomass_jun","Biomass June"
"2024","S",1,1,605.9,"biomass_jun","Biomass June"
"2024","4",4,4,990.3,"biomass_jun","Biomass June"
"2024","D",1,1,609.2,"biomass_jun","Biomass June"
"2024","2",2,2,681.2,"biomass_jun","Biomass June"
"2024","AF",1,1,988.1,"biomass_jun","Biomass June"
"2024","W",1,1,536.3,"biomass_jun","Biomass June"
"2024","2",2,2,1124,"biomass_jun","Biomass June"
"2024","10",10,10,553.7,"biomass_jun","Biomass June"
"2024","A",1,1,959.1,"biomass_jun","Biomass June"
"2024","2",2,2,726.3,"biomass_jun","Biomass June"
"2024","8",8,8,443,"biomass_jun","Biomass June"
"2024","D",1,1,719.5,"biomass_jun","Biomass June"
"2024","S",1,1,679.5,"biomass_jun","Biomass June"
"2024","HM",1,1,683.8,"biomass_jun","Biomass June"
"2024","CT",0,0,760.3,"biomass_jun","Biomass June"
"2024","6",6,6,653.9,"biomass_jun","Biomass June"
"2024","I",1,1,867.9,"biomass_jun","Biomass June"
"2024","A",1,1,1358.8,"biomass_jun","Biomass June"
"2024","MP",1,1,1248.1,"biomass_jun","Biomass June"
"2024","AF",1,1,956.4,"biomass_jun","Biomass June"
"2024","4",4,4,368.7,"biomass_jun","Biomass June"
"2024","SF",1,1,795.9,"biomass_jun","Biomass June"
"2024","6",6,6,899.6,"biomass_jun","Biomass June"
"2024","MP",1,1,1043.3,"biomass_jun","Biomass June"
"2024","6",6,6,784,"biomass_jun","Biomass June"
"2024","CT",0,0,702.2,"biomass_jun","Biomass June"
"2024","10",10,10,481,"biomass_jun","Biomass June"
"2024","4",4,4,637.1,"biomass_jun","Biomass June"
"2024","N",1,1,1225.1,"biomass_jun","Biomass June"
"2024","6",6,6,1126.9,"biomass_jun","Biomass June"
"2024","A",1,1,1100,"biomass_jun","Biomass June"
"2024","10",10,10,401.1,"biomass_jun","Biomass June"
"2024","10",10,10,424.7,"biomass_jun","Biomass June"
"2024","S",1,1,1177.4,"biomass_jun","Biomass June"
"2024","SF",1,1,920,"biomass_jun","Biomass June"
"2024","D",1,1,650.5,"biomass_jun","Biomass June"
"2024","A",1,1,600.6,"biomass_jun","Biomass June"
"2024","2",2,2,502.9,"biomass_jun","Biomass June"
"2024","HM",1,1,1104.5,"biomass_jun","Biomass June"
"2024","4",4,4,606.7,"biomass_jun","Biomass June"
"2024","8",8,8,791.2,"biomass_jun","Biomass June"
"2024","8",8,8,426.9,"biomass_jun","Biomass June"
"2024","HM",1,1,905.7,"biomass_jun","Biomass June"
"2024","CT",0,0,1022,"biomass_jun","Biomass June"
"2024","S",1,1,1072,"biomass_jun","Biomass June"
"2024","MP",1,1,632.5,"biomass_jun","Biomass June"
"2024","6",6,6,439.6,"biomass_jun","Biomass June"
"2024","HM",1,1,769.8,"biomass_jun","Biomass June"
"2024","D",1,1,733.9,"biomass_jun","Biomass June"
"2024","6",6,6,580.9,"biomass_jun","Biomass June"
"2024","CT",0,0,1200,"biomass_jun","Biomass June"
"2024","8",8,8,886.1,"biomass_jun","Biomass June"
"2024","A",1,1,1155,"biomass_jun","Biomass June"
"2024","2",2,2,505.8,"biomass_jun","Biomass June"
"2024","4",4,4,430.6,"biomass_jun","Biomass June"
"2024","10",10,10,756,"biomass_jun","Biomass June"
"2024","A",1,1,568.6,"biomass_jun","Biomass June"
"2024","N",1,1,776,"biomass_jun","Biomass June"
"2024","CT",0,0,687.8,"biomass_jun","Biomass June"
"2024","N",1,1,726.1,"biomass_jun","Biomass June"
"2024","SF",1,1,713.7,"biomass_jun","Biomass June"
"2024","HM",1,1,927.3,"biomass_jun","Biomass June"
"2024","AF",1,1,665.2,"biomass_jun","Biomass June"
"2024","6",6,6,468,"biomass_jun","Biomass June"
"2024","I",1,1,577.6,"biomass_jun","Biomass June"
"2024","8",8,8,625.3,"biomass_jun","Biomass June"
"2024","CT",0,0,957.6,"biomass_jun","Biomass June"
"2024","8",8,8,661.9,"biomass_jun","Biomass June"
"2024","10",10,10,354.9,"biomass_jun","Biomass June"
"2024","A",1,1,690.1,"biomass_jun","Biomass June"
"2024","I",1,1,830,"biomass_jun","Biomass June"
"2024","N",1,1,932.2,"biomass_jun","Biomass June"
"2024","4",4,4,844.2,"biomass_jun","Biomass June"
"2024","CT",0,0,684.8,"biomass_jun","Biomass June"
"2024","4",4,4,645.3,"biomass_jun","Biomass June"
"2024","S",1,1,781.8,"biomass_jun","Biomass June"
"2024","8",8,8,711.3,"biomass_jun","Biomass June"
"2024","D",1,1,923.5,"biomass_jun","Biomass June"
"2024","MP",1,1,876.4,"biomass_jun","Biomass June"
"2024","A",1,1,920.1,"biomass_jun","Biomass June"
"2025","N",1,1,357.6,"biomass_jun","Biomass June"
"2025","I",1,1,347.3,"biomass_jun","Biomass June"
"2025","AF",1,1,272,"biomass_jun","Biomass June"
"2025","AF",1,1,478.4,"biomass_jun","Biomass June"
"2025","10",10,10,528.1,"biomass_jun","Biomass June"
"2025","N",1,1,523.1,"biomass_jun","Biomass June"
"2025","W",1,1,413.3,"biomass_jun","Biomass June"
"2025","D",1,1,429,"biomass_jun","Biomass June"
"2025","W",1,1,590.7,"biomass_jun","Biomass June"
"2025","10",10,10,698.4,"biomass_jun","Biomass June"
"2025","2",2,2,355.4,"biomass_jun","Biomass June"
"2025","MP",1,1,394.3,"biomass_jun","Biomass June"
"2025","2",2,2,262,"biomass_jun","Biomass June"
"2025","8",8,8,458.8,"biomass_jun","Biomass June"
"2025","4",4,4,419.7,"biomass_jun","Biomass June"
"2025","4",4,4,201.8,"biomass_jun","Biomass June"
"2025","MP",1,1,392.1,"biomass_jun","Biomass June"
"2025","2",2,2,383.1,"biomass_jun","Biomass June"
"2025","W",1,1,350.1,"biomass_jun","Biomass June"
"2025","6",6,6,504.1,"biomass_jun","Biomass June"
"2025","I",1,1,859.2,"biomass_jun","Biomass June"
"2025","S",1,1,403.4,"biomass_jun","Biomass June"
"2025","CT",0,0,433.7,"biomass_jun","Biomass June"
"2025","8",8,8,330.7,"biomass_jun","Biomass June"
"2025","N",1,1,541.9,"biomass_jun","Biomass June"
"2025","CT",0,0,499.5,"biomass_jun","Biomass June"
"2025","CT",0,0,323.8,"biomass_jun","Biomass June"
"2025","I",1,1,402.4,"biomass_jun","Biomass June"
"2025","W",1,1,392.1,"biomass_jun","Biomass June"
"2025","HM",1,1,399.7,"biomass_jun","Biomass June"
"2025","S",1,1,506.9,"biomass_jun","Biomass June"
"2025","6",6,6,495.6,"biomass_jun","Biomass June"
"2025","6",6,6,397.1,"biomass_jun","Biomass June"
"2025","10",10,10,487.3,"biomass_jun","Biomass June"
"2025","8",8,8,241.4,"biomass_jun","Biomass June"
"2025","HM",1,1,474.1,"biomass_jun","Biomass June"
"2025","4",4,4,508.2,"biomass_jun","Biomass June"
"2025","6",6,6,221.5,"biomass_jun","Biomass June"
"2025","I",1,1,268.1,"biomass_jun","Biomass June"
"2025","CT",0,0,391.6,"biomass_jun","Biomass June"
"2025","CT",0,0,342.1,"biomass_jun","Biomass June"
"2025","MP",1,1,512.2,"biomass_jun","Biomass June"
"2025","S",1,1,452.1,"biomass_jun","Biomass June"
"2025","MP",1,1,742.6,"biomass_jun","Biomass June"
"2025","W",1,1,476.7,"biomass_jun","Biomass June"
"2025","CT",0,0,408.8,"biomass_jun","Biomass June"
"2025","4",4,4,442.2,"biomass_jun","Biomass June"
"2025","CT",0,0,564.5,"biomass_jun","Biomass June"
"2025","10",10,10,391.2,"biomass_jun","Biomass June"
"2025","2",2,2,516.3,"biomass_jun","Biomass June"
"2025","8",8,8,350.7,"biomass_jun","Biomass June"
"2025","D",1,1,417,"biomass_jun","Biomass June"
"2025","SF",1,1,560.9,"biomass_jun","Biomass June"
"2025","2",2,2,503.7,"biomass_jun","Biomass June"
"2025","AF",1,1,584.3,"biomass_jun","Biomass June"
"2025","SF",1,1,669,"biomass_jun","Biomass June"
"2025","2",2,2,417,"biomass_jun","Biomass June"
"2025","6",6,6,464.9,"biomass_jun","Biomass June"
"2025","2",2,2,527.5,"biomass_jun","Biomass June"
"2025","SF",1,1,528.2,"biomass_jun","Biomass June"
"2025","4",4,4,597.3,"biomass_jun","Biomass June"
"2025","D",1,1,371.8,"biomass_jun","Biomass June"
"2025","AF",1,1,447.8,"biomass_jun","Biomass June"
"2025","10",10,10,411.1,"biomass_jun","Biomass June"
"2025","8",8,8,507.9,"biomass_jun","Biomass June"
"2025","SF",1,1,487.9,"biomass_jun","Biomass June"
"2025","10",10,10,524.4,"biomass_jun","Biomass June"
"2025","N",1,1,554,"biomass_jun","Biomass June"
"2025","HM",1,1,771.1,"biomass_jun","Biomass June"
"2025","AF",1,1,645.9,"biomass_jun","Biomass June"
"2025","I",1,1,584,"biomass_jun","Biomass June"
"2025","SF",1,1,463.3,"biomass_jun","Biomass June"
"2025","W",1,1,562.4,"biomass_jun","Biomass June"
"2025","W",1,1,738.9,"biomass_jun","Biomass June"
"2025","S",1,1,685.9,"biomass_jun","Biomass June"
"2025","4",4,4,484,"biomass_jun","Biomass June"
"2025","D",1,1,173.6,"biomass_jun","Biomass June"
"2025","2",2,2,561.1,"biomass_jun","Biomass June"
"2025","AF",1,1,710.8,"biomass_jun","Biomass June"
"2025","W",1,1,657.5,"biomass_jun","Biomass June"
"2025","2",2,2,812.1,"biomass_jun","Biomass June"
"2025","10",10,10,606.7,"biomass_jun","Biomass June"
"2025","A",1,1,513.7,"biomass_jun","Biomass June"
"2025","2",2,2,436.2,"biomass_jun","Biomass June"
"2025","8",8,8,419.6,"biomass_jun","Biomass June"
"2025","D",1,1,686.6,"biomass_jun","Biomass June"
"2025","S",1,1,538.6,"biomass_jun","Biomass June"
"2025","HM",1,1,448.5,"biomass_jun","Biomass June"
"2025","CT",0,0,694.2,"biomass_jun","Biomass June"
"2025","6",6,6,452,"biomass_jun","Biomass June"
"2025","I",1,1,738.9,"biomass_jun","Biomass June"
"2025","A",1,1,768.3,"biomass_jun","Biomass June"
"2025","MP",1,1,782.6,"biomass_jun","Biomass June"
"2025","AF",1,1,786,"biomass_jun","Biomass June"
"2025","4",4,4,745.6,"biomass_jun","Biomass June"
"2025","SF",1,1,550.7,"biomass_jun","Biomass June"
"2025","6",6,6,599.6,"biomass_jun","Biomass June"
"2025","MP",1,1,502.8,"biomass_jun","Biomass June"
"2025","6",6,6,295.3,"biomass_jun","Biomass June"
"2025","CT",0,0,461.5,"biomass_jun","Biomass June"
"2025","10",10,10,517.9,"biomass_jun","Biomass June"
"2025","4",4,4,782.8,"biomass_jun","Biomass June"
"2025","N",1,1,830.6,"biomass_jun","Biomass June"
"2025","6",6,6,607.2,"biomass_jun","Biomass June"
"2025","A",1,1,699.8,"biomass_jun","Biomass June"
"2025","10",10,10,893.6,"biomass_jun","Biomass June"
"2025","10",10,10,568,"biomass_jun","Biomass June"
"2025","S",1,1,828,"biomass_jun","Biomass June"
"2025","SF",1,1,516.9,"biomass_jun","Biomass June"
"2025","D",1,1,489,"biomass_jun","Biomass June"
"2025","A",1,1,499.3,"biomass_jun","Biomass June"
"2025","2",2,2,727.7,"biomass_jun","Biomass June"
"2025","HM",1,1,688.4,"biomass_jun","Biomass June"
"2025","4",4,4,633.7,"biomass_jun","Biomass June"
"2025","8",8,8,712.3,"biomass_jun","Biomass June"
"2025","8",8,8,587.4,"biomass_jun","Biomass June"
"2025","HM",1,1,548.4,"biomass_jun","Biomass June"
"2025","CT",0,0,753.2,"biomass_jun","Biomass June"
"2025","S",1,1,918.2,"biomass_jun","Biomass June"
"2025","MP",1,1,765,"biomass_jun","Biomass June"
"2025","6",6,6,511.5,"biomass_jun","Biomass June"
"2025","HM",1,1,384.1,"biomass_jun","Biomass June"
"2025","D",1,1,593.3,"biomass_jun","Biomass June"
"2025","6",6,6,710.9,"biomass_jun","Biomass June"
"2025","CT",0,0,575.8,"biomass_jun","Biomass June"
"2025","8",8,8,441.6,"biomass_jun","Biomass June"
"2025","A",1,1,921.1,"biomass_jun","Biomass June"
"2025","2",2,2,364,"biomass_jun","Biomass June"
"2025","4",4,4,661.7,"biomass_jun","Biomass June"
"2025","10",10,10,402.1,"biomass_jun","Biomass June"
"2025","A",1,1,1030.2,"biomass_jun","Biomass June"
"2025","N",1,1,631.6,"biomass_jun","Biomass June"
"2025","CT",0,0,375,"biomass_jun","Biomass June"
"2025","N",1,1,495.6,"biomass_jun","Biomass June"
"2025","SF",1,1,586.5,"biomass_jun","Biomass June"
"2025","HM",1,1,448.2,"biomass_jun","Biomass June"
"2025","AF",1,1,593.1,"biomass_jun","Biomass June"
"2025","6",6,6,597.6,"biomass_jun","Biomass June"
"2025","I",1,1,585.1,"biomass_jun","Biomass June"
"2025","8",8,8,589.7,"biomass_jun","Biomass June"
"2025","CT",0,0,831.6,"biomass_jun","Biomass June"
"2025","8",8,8,551.2,"biomass_jun","Biomass June"
"2025","10",10,10,577.4,"biomass_jun","Biomass June"
"2025","A",1,1,485.9,"biomass_jun","Biomass June"
"2025","I",1,1,437.5,"biomass_jun","Biomass June"
"2025","N",1,1,459.1,"biomass_jun","Biomass June"
"2025","4",4,4,664.6,"biomass_jun","Biomass June"
"2025","CT",0,0,741,"biomass_jun","Biomass June"
"2025","4",4,4,621.6,"biomass_jun","Biomass June"
"2025","S",1,1,396.3,"biomass_jun","Biomass June"
"2025","8",8,8,710.9,"biomass_jun","Biomass June"
"2025","D",1,1,720.8,"biomass_jun","Biomass June"
"2025","MP",1,1,895.8,"biomass_jun","Biomass June"
"2025","A",1,1,782.7,"biomass_jun","Biomass June"
"2021","N",1,1,513.2647,"biomass","Biomass June+October"
"2021","I",1,1,554.24705,"biomass","Biomass June+October"
"2021","AF",1,1,645.98901,"biomass","Biomass June+October"
"2021","AF",1,1,708.11803,"biomass","Biomass June+October"
"2021","10",10,10,696.55999,"biomass","Biomass June+October"
"2021","N",1,1,686.2647,"biomass","Biomass June+October"
"2021","W",1,1,740.40666,"biomass","Biomass June+October"
"2021","D",1,1,525.78235,"biomass","Biomass June+October"
"2021","W",1,1,758.80666,"biomass","Biomass June+October"
"2021","10",10,10,803.43568,"biomass","Biomass June+October"
"2021","2",2,2,358.78235,"biomass","Biomass June+October"
"2021","MP",1,1,227.95333,"biomass","Biomass June+October"
"2021","2",2,2,547.98235,"biomass","Biomass June+October"
"2021","8",8,8,533.25333,"biomass","Biomass June+October"
"2021","4",4,4,546.88235,"biomass","Biomass June+October"
"2021","4",4,4,546.45333,"biomass","Biomass June+October"
"2021","MP",1,1,696.70666,"biomass","Biomass June+October"
"2021","2",2,2,624.75333,"biomass","Biomass June+October"
"2021","W",1,1,786.00666,"biomass","Biomass June+October"
"2021","6",6,6,616.95333,"biomass","Biomass June+October"
"2021","I",1,1,682.13568,"biomass","Biomass June+October"
"2021","S",1,1,540.71998,"biomass","Biomass June+October"
"2021","CT",0,0,276.18235,"biomass","Biomass June+October"
"2021","8",8,8,348.35333,"biomass","Biomass June+October"
"2021","N",1,1,476.35333,"biomass","Biomass June+October"
"2021","CT",0,0,447.75333,"biomass","Biomass June+October"
"2021","CT",0,0,384.35333,"biomass","Biomass June+October"
"2021","I",1,1,444.58235,"biomass","Biomass June+October"
"2021","W",1,1,629.35333,"biomass","Biomass June+October"
"2021","HM",1,1,660.80666,"biomass","Biomass June+October"
"2021","S",1,1,608.9647,"biomass","Biomass June+October"
"2021","6",6,6,678.70666,"biomass","Biomass June+October"
"2021","6",6,6,778.85333,"biomass","Biomass June+October"
"2021","10",10,10,275.45333,"biomass","Biomass June+October"
"2021","8",8,8,272.00666,"biomass","Biomass June+October"
"2021","HM",1,1,300.95333,"biomass","Biomass June+October"
"2021","4",4,4,325.95333,"biomass","Biomass June+October"
"2021","6",6,6,435.15333,"biomass","Biomass June+October"
"2021","I",1,1,444.35333,"biomass","Biomass June+October"
"2021","CT",0,0,632.80585,"biomass","Biomass June+October"
"2021","CT",0,0,658.23996,"biomass","Biomass June+October"
"2021","MP",1,1,729.67645,"biomass","Biomass June+October"
"2021","S",1,1,766.77645,"biomass","Biomass June+October"
"2021","MP",1,1,567.0941,"biomass","Biomass June+October"
"2021","W",1,1,622.66508,"biomass","Biomass June+October"
"2021","CT",0,0,374.17331,"biomass","Biomass June+October"
"2021","4",4,4,305.51998,"biomass","Biomass June+October"
"2021","CT",0,0,216.73606,"biomass","Biomass June+October"
"2021","10",10,10,407.42664,"biomass","Biomass June+October"
"2021","2",2,2,535.25333,"biomass","Biomass June+October"
"2021","8",8,8,550.15333,"biomass","Biomass June+October"
"2021","D",1,1,535.78235,"biomass","Biomass June+October"
"2021","SF",1,1,639.0103975,"biomass","Biomass June+October"
"2021","2",2,2,804.1647,"biomass","Biomass June+October"
"2021","AF",1,1,516.28235,"biomass","Biomass June+October"
"2021","SF",1,1,550.85333,"biomass","Biomass June+October"
"2021","2",2,2,404.98235,"biomass","Biomass June+October"
"2021","6",6,6,386.28235,"biomass","Biomass June+October"
"2021","2",2,2,397.08235,"biomass","Biomass June+October"
"2021","SF",1,1,498.08235,"biomass","Biomass June+October"
"2021","4",4,4,600.43568,"biomass","Biomass June+October"
"2021","D",1,1,540.28235,"biomass","Biomass June+October"
"2021","AF",1,1,721.2647,"biomass","Biomass June+October"
"2021","10",10,10,631.23568,"biomass","Biomass June+October"
"2021","8",8,8,680.00666,"biomass","Biomass June+October"
"2021","SF",1,1,476.08235,"biomass","Biomass June+October"
"2021","10",10,10,478.88235,"biomass","Biomass June+October"
"2021","N",1,1,437.4437889,"biomass","Biomass June+October"
"2021","HM",1,1,381.3133444,"biomass","Biomass June+October"
"2021","AF",1,1,496.88235,"biomass","Biomass June+October"
"2021","I",1,1,446.18235,"biomass","Biomass June+October"
"2021","SF",1,1,417.75333,"biomass","Biomass June+October"
"2021","W",1,1,433.68235,"biomass","Biomass June+October"
"2021","W",1,1,582.8647,"biomass","Biomass June+October"
"2021","S",1,1,554.0270075,"biomass","Biomass June+October"
"2021","4",4,4,611.55333,"biomass","Biomass June+October"
"2021","D",1,1,601.78235,"biomass","Biomass June+October"
"2021","2",2,2,416.08235,"biomass","Biomass June+October"
"2021","AF",1,1,431.6929688,"biomass","Biomass June+October"
"2021","W",1,1,391.98235,"biomass","Biomass June+October"
"2021","2",2,2,563.28235,"biomass","Biomass June+October"
"2021","10",10,10,560.38235,"biomass","Biomass June+October"
"2021","A",1,1,638.7647,"biomass","Biomass June+October"
"2021","2",2,2,471.18235,"biomass","Biomass June+October"
"2021","8",8,8,504.88235,"biomass","Biomass June+October"
"2021","D",1,1,458.88235,"biomass","Biomass June+October"
"2021","S",1,1,556.28235,"biomass","Biomass June+October"
"2021","HM",1,1,596.98235,"biomass","Biomass June+October"
"2021","CT",0,0,468.68235,"biomass","Biomass June+October"
"2021","6",6,6,495.9647,"biomass","Biomass June+October"
"2021","I",1,1,491.9364688,"biomass","Biomass June+October"
"2021","A",1,1,454.58235,"biomass","Biomass June+October"
"2021","MP",1,1,413.18235,"biomass","Biomass June+October"
"2021","AF",1,1,416.28235,"biomass","Biomass June+October"
"2021","4",4,4,374.18235,"biomass","Biomass June+October"
"2021","SF",1,1,502.8647,"biomass","Biomass June+October"
"2021","6",6,6,642.88235,"biomass","Biomass June+October"
"2021","MP",1,1,737.7647,"biomass","Biomass June+October"
"2021","6",6,6,776.3647,"biomass","Biomass June+October"
"2021","CT",0,0,475.1647,"biomass","Biomass June+October"
"2021","10",10,10,498.58235,"biomass","Biomass June+October"
"2021","4",4,4,532.68235,"biomass","Biomass June+October"
"2021","N",1,1,499.18235,"biomass","Biomass June+October"
"2021","6",6,6,561.08235,"biomass","Biomass June+October"
"2021","A",1,1,482.48235,"biomass","Biomass June+October"
"2021","10",10,10,501.88235,"biomass","Biomass June+October"
"2021","10",10,10,464.78235,"biomass","Biomass June+October"
"2021","S",1,1,566.58235,"biomass","Biomass June+October"
"2021","SF",1,1,713.4588,"biomass","Biomass June+October"
"2021","D",1,1,635.47645,"biomass","Biomass June+October"
"2021","A",1,1,349.98235,"biomass","Biomass June+October"
"2021","2",2,2,426.68235,"biomass","Biomass June+October"
"2021","HM",1,1,382.08235,"biomass","Biomass June+October"
"2021","4",4,4,460.28235,"biomass","Biomass June+October"
"2021","8",8,8,461.38235,"biomass","Biomass June+October"
"2021","8",8,8,482.38235,"biomass","Biomass June+October"
"2021","HM",1,1,438.88235,"biomass","Biomass June+October"
"2021","CT",0,0,600.58235,"biomass","Biomass June+October"
"2021","S",1,1,628.18235,"biomass","Biomass June+October"
"2021","MP",1,1,499.18235,"biomass","Biomass June+October"
"2021","6",6,6,520.38235,"biomass","Biomass June+October"
"2021","HM",1,1,353.48235,"biomass","Biomass June+October"
"2021","D",1,1,390.78235,"biomass","Biomass June+October"
"2021","6",6,6,440.9914375,"biomass","Biomass June+October"
"2021","CT",0,0,427.18235,"biomass","Biomass June+October"
"2021","8",8,8,521.4704375,"biomass","Biomass June+October"
"2021","A",1,1,510.1232313,"biomass","Biomass June+October"
"2021","2",2,2,490.6429375,"biomass","Biomass June+October"
"2021","4",4,4,535.6857313,"biomass","Biomass June+October"
"2021","10",10,10,633.9647,"biomass","Biomass June+October"
"2021","A",1,1,623.1647,"biomass","Biomass June+October"
"2021","N",1,1,463.4647,"biomass","Biomass June+October"
"2021","CT",0,0,623.7941,"biomass","Biomass June+October"
"2021","N",1,1,589.97645,"biomass","Biomass June+October"
"2021","SF",1,1,576.07645,"biomass","Biomass June+October"
"2021","HM",1,1,603.0941,"biomass","Biomass June+October"
"2021","AF",1,1,551.5941,"biomass","Biomass June+October"
"2021","6",6,6,445.37645,"biomass","Biomass June+October"
"2021","I",1,1,421.9941,"biomass","Biomass June+October"
"2021","8",8,8,531.67645,"biomass","Biomass June+October"
"2021","CT",0,0,600.2588,"biomass","Biomass June+October"
"2021","8",8,8,527.7647,"biomass","Biomass June+October"
"2021","10",10,10,342.97645,"biomass","Biomass June+October"
"2021","A",1,1,674.2647,"biomass","Biomass June+October"
"2021","I",1,1,585.47645,"biomass","Biomass June+October"
"2021","N",1,1,586.37645,"biomass","Biomass June+October"
"2021","4",4,4,427.81175,"biomass","Biomass June+October"
"2021","CT",0,0,510.3916,"biomass","Biomass June+October"
"2021","4",4,4,465.51175,"biomass","Biomass June+October"
"2021","S",1,1,382.1941,"biomass","Biomass June+October"
"2021","8",8,8,400.9941,"biomass","Biomass June+October"
"2021","D",1,1,551.9588,"biomass","Biomass June+October"
"2021","MP",1,1,458.27645,"biomass","Biomass June+October"
"2021","A",1,1,389.2941,"biomass","Biomass June+October"
"2022","N",1,1,1223.1,"biomass","Biomass June+October"
"2022","I",1,1,1410.1,"biomass","Biomass June+October"
"2022","AF",1,1,1543.1,"biomass","Biomass June+October"
"2022","AF",1,1,2175.7,"biomass","Biomass June+October"
"2022","10",10,10,1337.2,"biomass","Biomass June+October"
"2022","N",1,1,1905.2,"biomass","Biomass June+October"
"2022","D",1,1,2109.4,"biomass","Biomass June+October"
"2022","W",1,1,2403,"biomass","Biomass June+October"
"2022","10",10,10,1753.2,"biomass","Biomass June+October"
"2022","2",2,2,1259.2,"biomass","Biomass June+October"
"2022","2",2,2,1505.2,"biomass","Biomass June+October"
"2022","8",8,8,1352,"biomass","Biomass June+October"
"2022","4",4,4,1463,"biomass","Biomass June+October"
"2022","4",4,4,1310,"biomass","Biomass June+October"
"2022","MP",1,1,2284.4,"biomass","Biomass June+October"
"2022","2",2,2,1759,"biomass","Biomass June+October"
"2022","W",1,1,2490.7,"biomass","Biomass June+October"
"2022","6",6,6,2521.9,"biomass","Biomass June+October"
"2022","S",1,1,1899.1,"biomass","Biomass June+October"
"2022","CT",0,0,1324.7,"biomass","Biomass June+October"
"2022","8",8,8,927.2,"biomass","Biomass June+October"
"2022","N",1,1,1868.18,"biomass","Biomass June+October"
"2022","CT",0,0,2037.6,"biomass","Biomass June+October"
"2022","CT",0,0,2076.6,"biomass","Biomass June+October"
"2022","I",1,1,1839.5,"biomass","Biomass June+October"
"2022","W",1,1,2076.4,"biomass","Biomass June+October"
"2022","HM",1,1,1932.3,"biomass","Biomass June+October"
"2022","S",1,1,1872.6,"biomass","Biomass June+October"
"2022","6",6,6,2089.4,"biomass","Biomass June+October"
"2022","6",6,6,2307.5,"biomass","Biomass June+October"
"2022","10",10,10,870.8,"biomass","Biomass June+October"
"2022","8",8,8,776.2,"biomass","Biomass June+October"
"2022","HM",1,1,1199.1,"biomass","Biomass June+October"
"2022","4",4,4,1284.9,"biomass","Biomass June+October"
"2022","6",6,6,996,"biomass","Biomass June+October"
"2022","I",1,1,1201.1,"biomass","Biomass June+October"
"2022","CT",0,0,1632.5,"biomass","Biomass June+October"
"2022","CT",0,0,1737.5,"biomass","Biomass June+October"
"2022","MP",1,1,2083.3,"biomass","Biomass June+October"
"2022","S",1,1,1850.7,"biomass","Biomass June+October"
"2022","4",4,4,395.4,"biomass","Biomass June+October"
"2022","10",10,10,931.9,"biomass","Biomass June+October"
"2022","2",2,2,1750.1,"biomass","Biomass June+October"
"2022","8",8,8,1316.6,"biomass","Biomass June+October"
"2022","D",1,1,1538.1,"biomass","Biomass June+October"
"2022","SF",1,1,1838.4,"biomass","Biomass June+October"
"2022","2",2,2,1865.2,"biomass","Biomass June+October"
"2022","AF",1,1,2063.6,"biomass","Biomass June+October"
"2022","SF",1,1,1458.6,"biomass","Biomass June+October"
"2022","2",2,2,900.8,"biomass","Biomass June+October"
"2022","6",6,6,606.6,"biomass","Biomass June+October"
"2022","2",2,2,640.7,"biomass","Biomass June+October"
"2022","SF",1,1,1198.5,"biomass","Biomass June+October"
"2022","4",4,4,2054.7,"biomass","Biomass June+October"
"2022","D",1,1,1096.6,"biomass","Biomass June+October"
"2022","AF",1,1,1471.1,"biomass","Biomass June+October"
"2022","8",8,8,2213.5,"biomass","Biomass June+October"
"2022","SF",1,1,1942.8,"biomass","Biomass June+October"
"2022","10",10,10,936.8,"biomass","Biomass June+October"
"2022","N",1,1,1515.8,"biomass","Biomass June+October"
"2022","HM",1,1,917.8,"biomass","Biomass June+October"
"2022","AF",1,1,1091,"biomass","Biomass June+October"
"2022","I",1,1,1382.9,"biomass","Biomass June+October"
"2022","SF",1,1,1727.8,"biomass","Biomass June+October"
"2022","W",1,1,1030.7,"biomass","Biomass June+October"
"2022","W",1,1,1460.9,"biomass","Biomass June+October"
"2022","S",1,1,1409.4,"biomass","Biomass June+October"
"2022","4",4,4,1887.3,"biomass","Biomass June+October"
"2022","D",1,1,1621.6,"biomass","Biomass June+October"
"2022","2",2,2,1487.2,"biomass","Biomass June+October"
"2022","AF",1,1,1354.8,"biomass","Biomass June+October"
"2022","W",1,1,863.1,"biomass","Biomass June+October"
"2022","2",2,2,1144.2,"biomass","Biomass June+October"
"2022","10",10,10,874.8,"biomass","Biomass June+October"
"2022","A",1,1,1576.4,"biomass","Biomass June+October"
"2022","2",2,2,1564.7,"biomass","Biomass June+October"
"2022","8",8,8,1306.5,"biomass","Biomass June+October"
"2022","D",1,1,1545.4,"biomass","Biomass June+October"
"2022","S",1,1,1983.9,"biomass","Biomass June+October"
"2022","HM",1,1,2031.5,"biomass","Biomass June+October"
"2022","CT",0,0,1453.7,"biomass","Biomass June+October"
"2022","6",6,6,895,"biomass","Biomass June+October"
"2022","I",1,1,1488.6,"biomass","Biomass June+October"
"2022","A",1,1,1329.7,"biomass","Biomass June+October"
"2022","MP",1,1,1498.6,"biomass","Biomass June+October"
"2022","AF",1,1,1665.1,"biomass","Biomass June+October"
"2022","4",4,4,1494.9,"biomass","Biomass June+October"
"2022","SF",1,1,1369.8,"biomass","Biomass June+October"
"2022","MP",1,1,1941,"biomass","Biomass June+October"
"2022","6",6,6,1764.2,"biomass","Biomass June+October"
"2022","CT",0,0,1208.3,"biomass","Biomass June+October"
"2022","10",10,10,798.5,"biomass","Biomass June+October"
"2022","N",1,1,1443.1,"biomass","Biomass June+October"
"2022","6",6,6,1456.08,"biomass","Biomass June+October"
"2022","A",1,1,1938.1,"biomass","Biomass June+October"
"2022","10",10,10,1178.6,"biomass","Biomass June+October"
"2022","10",10,10,1253.6,"biomass","Biomass June+October"
"2022","S",1,1,1477.8,"biomass","Biomass June+October"
"2022","SF",1,1,1818.5,"biomass","Biomass June+October"
"2022","D",1,1,1863.9,"biomass","Biomass June+October"
"2022","A",1,1,1330.8,"biomass","Biomass June+October"
"2022","2",2,2,1752,"biomass","Biomass June+October"
"2022","HM",1,1,1401,"biomass","Biomass June+October"
"2022","4",4,4,1161.5,"biomass","Biomass June+October"
"2022","8",8,8,1296.82,"biomass","Biomass June+October"
"2022","HM",1,1,1343.3,"biomass","Biomass June+October"
"2022","CT",0,0,1595.4,"biomass","Biomass June+October"
"2022","S",1,1,1378.4,"biomass","Biomass June+October"
"2022","MP",1,1,1764.7,"biomass","Biomass June+October"
"2022","6",6,6,1899.6,"biomass","Biomass June+October"
"2022","HM",1,1,1278.5,"biomass","Biomass June+October"
"2022","D",1,1,998.8,"biomass","Biomass June+October"
"2022","6",6,6,1371.4,"biomass","Biomass June+October"
"2022","CT",0,0,1396.5,"biomass","Biomass June+October"
"2022","8",8,8,1216.5,"biomass","Biomass June+October"
"2022","A",1,1,1747.4,"biomass","Biomass June+October"
"2022","2",2,2,1301.3,"biomass","Biomass June+October"
"2022","4",4,4,1429.5,"biomass","Biomass June+October"
"2022","10",10,10,1117.1,"biomass","Biomass June+October"
"2022","A",1,1,1645.9,"biomass","Biomass June+October"
"2022","N",1,1,1673.4,"biomass","Biomass June+October"
"2022","CT",0,0,1648.3,"biomass","Biomass June+October"
"2022","N",1,1,1801.3,"biomass","Biomass June+October"
"2022","SF",1,1,1816.9,"biomass","Biomass June+October"
"2022","HM",1,1,2112.5,"biomass","Biomass June+October"
"2022","AF",1,1,1680.5,"biomass","Biomass June+October"
"2022","6",6,6,1365.7,"biomass","Biomass June+October"
"2022","I",1,1,1134.7,"biomass","Biomass June+October"
"2022","8",8,8,1278.8,"biomass","Biomass June+October"
"2022","CT",0,0,1448.64,"biomass","Biomass June+October"
"2022","8",8,8,1377.1,"biomass","Biomass June+October"
"2022","10",10,10,872,"biomass","Biomass June+October"
"2022","I",1,1,1666.2,"biomass","Biomass June+October"
"2022","N",1,1,1685.9,"biomass","Biomass June+October"
"2022","CT",0,0,1754.6,"biomass","Biomass June+October"
"2022","S",1,1,809,"biomass","Biomass June+October"
"2022","8",8,8,1272.9,"biomass","Biomass June+October"
"2022","D",1,1,1576.5,"biomass","Biomass June+October"
"2022","MP",1,1,1685.8,"biomass","Biomass June+October"
"2022","A",1,1,1484.2,"biomass","Biomass June+October"
"2023","N",1,1,850.4,"biomass","Biomass June+October"
"2023","I",1,1,1273.1,"biomass","Biomass June+October"
"2023","AF",1,1,1082.2,"biomass","Biomass June+October"
"2023","AF",1,1,1019.8,"biomass","Biomass June+October"
"2023","10",10,10,683.8,"biomass","Biomass June+October"
"2023","N",1,1,538.7,"biomass","Biomass June+October"
"2023","W",1,1,563.3,"biomass","Biomass June+October"
"2023","D",1,1,794.8,"biomass","Biomass June+October"
"2023","W",1,1,554.6,"biomass","Biomass June+October"
"2023","10",10,10,688.3,"biomass","Biomass June+October"
"2023","2",2,2,593.3,"biomass","Biomass June+October"
"2023","MP",1,1,922.2,"biomass","Biomass June+October"
"2023","2",2,2,931.1,"biomass","Biomass June+October"
"2023","8",8,8,660.8,"biomass","Biomass June+October"
"2023","4",4,4,617.3,"biomass","Biomass June+October"
"2023","4",4,4,405.2,"biomass","Biomass June+October"
"2023","MP",1,1,844.5,"biomass","Biomass June+October"
"2023","2",2,2,891.7,"biomass","Biomass June+October"
"2023","W",1,1,551.5,"biomass","Biomass June+October"
"2023","6",6,6,384.4,"biomass","Biomass June+October"
"2023","I",1,1,587.8,"biomass","Biomass June+October"
"2023","S",1,1,378.2,"biomass","Biomass June+October"
"2023","CT",0,0,1124.8,"biomass","Biomass June+October"
"2023","8",8,8,673.5,"biomass","Biomass June+October"
"2023","N",1,1,1264.8,"biomass","Biomass June+October"
"2023","CT",0,0,1142.7,"biomass","Biomass June+October"
"2023","CT",0,0,587.3,"biomass","Biomass June+October"
"2023","I",1,1,516.8,"biomass","Biomass June+October"
"2023","W",1,1,538.8,"biomass","Biomass June+October"
"2023","HM",1,1,784.4,"biomass","Biomass June+October"
"2023","S",1,1,433.3,"biomass","Biomass June+October"
"2023","6",6,6,452.9,"biomass","Biomass June+October"
"2023","6",6,6,368.7,"biomass","Biomass June+October"
"2023","10",10,10,807.2,"biomass","Biomass June+October"
"2023","8",8,8,766.1,"biomass","Biomass June+October"
"2023","HM",1,1,1208.4,"biomass","Biomass June+October"
"2023","4",4,4,957.4,"biomass","Biomass June+October"
"2023","6",6,6,448.8,"biomass","Biomass June+October"
"2023","I",1,1,1024.8,"biomass","Biomass June+October"
"2023","CT",0,0,936,"biomass","Biomass June+October"
"2023","CT",0,0,896.4,"biomass","Biomass June+October"
"2023","MP",1,1,1176.1,"biomass","Biomass June+October"
"2023","S",1,1,573.1,"biomass","Biomass June+October"
"2023","MP",1,1,770.4,"biomass","Biomass June+October"
"2023","W",1,1,855.5,"biomass","Biomass June+October"
"2023","CT",0,0,1139.2,"biomass","Biomass June+October"
"2023","4",4,4,888.8,"biomass","Biomass June+October"
"2023","CT",0,0,1094,"biomass","Biomass June+October"
"2023","10",10,10,742.2,"biomass","Biomass June+October"
"2023","2",2,2,1009.1,"biomass","Biomass June+October"
"2023","8",8,8,852,"biomass","Biomass June+October"
"2023","D",1,1,995.2,"biomass","Biomass June+October"
"2023","SF",1,1,842,"biomass","Biomass June+October"
"2023","2",2,2,788.4,"biomass","Biomass June+October"
"2023","AF",1,1,660.9,"biomass","Biomass June+October"
"2023","SF",1,1,1127.3,"biomass","Biomass June+October"
"2023","2",2,2,863.7,"biomass","Biomass June+October"
"2023","6",6,6,690.8,"biomass","Biomass June+October"
"2023","2",2,2,706,"biomass","Biomass June+October"
"2023","SF",1,1,1051.8,"biomass","Biomass June+October"
"2023","4",4,4,1083.9,"biomass","Biomass June+October"
"2023","D",1,1,806,"biomass","Biomass June+October"
"2023","AF",1,1,1043.5,"biomass","Biomass June+October"
"2023","10",10,10,770,"biomass","Biomass June+October"
"2023","8",8,8,864.7,"biomass","Biomass June+October"
"2023","SF",1,1,775.6,"biomass","Biomass June+October"
"2023","10",10,10,550.2,"biomass","Biomass June+October"
"2023","N",1,1,1216,"biomass","Biomass June+October"
"2023","HM",1,1,987.7,"biomass","Biomass June+October"
"2023","AF",1,1,1293.9,"biomass","Biomass June+October"
"2023","I",1,1,1280.4,"biomass","Biomass June+October"
"2023","SF",1,1,1361.8,"biomass","Biomass June+October"
"2023","W",1,1,675.8,"biomass","Biomass June+October"
"2023","W",1,1,540.7,"biomass","Biomass June+October"
"2023","S",1,1,729.3,"biomass","Biomass June+October"
"2023","4",4,4,974.2,"biomass","Biomass June+October"
"2023","D",1,1,666.6,"biomass","Biomass June+October"
"2023","2",2,2,1196.1,"biomass","Biomass June+October"
"2023","AF",1,1,1251.9,"biomass","Biomass June+October"
"2023","W",1,1,582,"biomass","Biomass June+October"
"2023","2",2,2,1301.3,"biomass","Biomass June+October"
"2023","10",10,10,857.1,"biomass","Biomass June+October"
"2023","A",1,1,1294.1,"biomass","Biomass June+October"
"2023","2",2,2,1269,"biomass","Biomass June+October"
"2023","8",8,8,879.4,"biomass","Biomass June+October"
"2023","D",1,1,958.2,"biomass","Biomass June+October"
"2023","S",1,1,888.1,"biomass","Biomass June+October"
"2023","HM",1,1,884.9,"biomass","Biomass June+October"
"2023","CT",0,0,1524.7,"biomass","Biomass June+October"
"2023","6",6,6,733.8,"biomass","Biomass June+October"
"2023","I",1,1,1046.6,"biomass","Biomass June+October"
"2023","A",1,1,1421.9,"biomass","Biomass June+October"
"2023","MP",1,1,1573.4,"biomass","Biomass June+October"
"2023","AF",1,1,1310.4,"biomass","Biomass June+October"
"2023","4",4,4,907,"biomass","Biomass June+October"
"2023","SF",1,1,993.8,"biomass","Biomass June+October"
"2023","6",6,6,812.6,"biomass","Biomass June+October"
"2023","MP",1,1,1095.8,"biomass","Biomass June+October"
"2023","6",6,6,682.7,"biomass","Biomass June+October"
"2023","CT",0,0,1282.6,"biomass","Biomass June+October"
"2023","10",10,10,522.2,"biomass","Biomass June+October"
"2023","4",4,4,848.6,"biomass","Biomass June+October"
"2023","N",1,1,1311.7,"biomass","Biomass June+October"
"2023","6",6,6,1413.1,"biomass","Biomass June+October"
"2023","A",1,1,1157.3,"biomass","Biomass June+October"
"2023","10",10,10,791.1,"biomass","Biomass June+October"
"2023","10",10,10,967.4,"biomass","Biomass June+October"
"2023","S",1,1,1149,"biomass","Biomass June+October"
"2023","SF",1,1,955.9,"biomass","Biomass June+October"
"2023","D",1,1,848.9,"biomass","Biomass June+October"
"2023","A",1,1,1257.1,"biomass","Biomass June+October"
"2023","2",2,2,1248.1,"biomass","Biomass June+October"
"2023","HM",1,1,1587.2,"biomass","Biomass June+October"
"2023","4",4,4,1138.1,"biomass","Biomass June+October"
"2023","8",8,8,973.5,"biomass","Biomass June+October"
"2023","8",8,8,785.3,"biomass","Biomass June+October"
"2023","HM",1,1,1408.5,"biomass","Biomass June+October"
"2023","CT",0,0,1381.4,"biomass","Biomass June+October"
"2023","S",1,1,1251.9,"biomass","Biomass June+October"
"2023","MP",1,1,929.6,"biomass","Biomass June+October"
"2023","6",6,6,1077.3,"biomass","Biomass June+October"
"2023","HM",1,1,1199.9,"biomass","Biomass June+October"
"2023","D",1,1,1055.3,"biomass","Biomass June+October"
"2023","6",6,6,840.4,"biomass","Biomass June+October"
"2023","CT",0,0,1684.1,"biomass","Biomass June+October"
"2023","8",8,8,1056.7,"biomass","Biomass June+October"
"2023","A",1,1,1916.7,"biomass","Biomass June+October"
"2023","2",2,2,1034.7,"biomass","Biomass June+October"
"2023","4",4,4,569.7,"biomass","Biomass June+October"
"2023","10",10,10,673.7,"biomass","Biomass June+October"
"2023","A",1,1,1004.6,"biomass","Biomass June+October"
"2023","N",1,1,988.9,"biomass","Biomass June+October"
"2023","CT",0,0,1228.6,"biomass","Biomass June+October"
"2023","N",1,1,1621.6,"biomass","Biomass June+October"
"2023","SF",1,1,1910.7,"biomass","Biomass June+October"
"2023","HM",1,1,1604.6,"biomass","Biomass June+October"
"2023","AF",1,1,1893.3,"biomass","Biomass June+October"
"2023","6",6,6,1526.7,"biomass","Biomass June+October"
"2023","I",1,1,1301.9,"biomass","Biomass June+October"
"2023","8",8,8,1336.9,"biomass","Biomass June+October"
"2023","CT",0,0,1227.6,"biomass","Biomass June+October"
"2023","8",8,8,907.6,"biomass","Biomass June+October"
"2023","10",10,10,859.5,"biomass","Biomass June+October"
"2023","A",1,1,1154.9,"biomass","Biomass June+October"
"2023","I",1,1,1711.4,"biomass","Biomass June+October"
"2023","N",1,1,1644,"biomass","Biomass June+October"
"2023","4",4,4,1506,"biomass","Biomass June+October"
"2023","CT",0,0,1797.4,"biomass","Biomass June+October"
"2023","4",4,4,1111.2,"biomass","Biomass June+October"
"2023","S",1,1,1243.8,"biomass","Biomass June+October"
"2023","8",8,8,1015.3,"biomass","Biomass June+October"
"2023","D",1,1,1022.5,"biomass","Biomass June+October"
"2023","MP",1,1,1498.2,"biomass","Biomass June+October"
"2023","A",1,1,1542.8,"biomass","Biomass June+October"
"2024","N",1,1,1425.6,"biomass","Biomass June+October"
"2024","I",1,1,1778.6,"biomass","Biomass June+October"
"2024","AF",1,1,1539.4,"biomass","Biomass June+October"
"2024","AF",1,1,1396.2,"biomass","Biomass June+October"
"2024","10",10,10,942.4,"biomass","Biomass June+October"
"2024","N",1,1,1276.6,"biomass","Biomass June+October"
"2024","W",1,1,888.6,"biomass","Biomass June+October"
"2024","D",1,1,1270,"biomass","Biomass June+October"
"2024","W",1,1,850.2,"biomass","Biomass June+October"
"2024","10",10,10,1030.8,"biomass","Biomass June+October"
"2024","2",2,2,684.8,"biomass","Biomass June+October"
"2024","MP",1,1,1540.8,"biomass","Biomass June+October"
"2024","2",2,2,1324,"biomass","Biomass June+October"
"2024","8",8,8,1293.2,"biomass","Biomass June+October"
"2024","4",4,4,1268.2,"biomass","Biomass June+October"
"2024","4",4,4,709,"biomass","Biomass June+October"
"2024","MP",1,1,1698,"biomass","Biomass June+October"
"2024","2",2,2,1235.6,"biomass","Biomass June+October"
"2024","W",1,1,890.8,"biomass","Biomass June+October"
"2024","6",6,6,724.4,"biomass","Biomass June+October"
"2024","I",1,1,1656.8,"biomass","Biomass June+October"
"2024","S",1,1,955.8,"biomass","Biomass June+October"
"2024","CT",0,0,1693.4,"biomass","Biomass June+October"
"2024","8",8,8,1240.6,"biomass","Biomass June+October"
"2024","N",1,1,1689.2,"biomass","Biomass June+October"
"2024","CT",0,0,1835.8,"biomass","Biomass June+October"
"2024","CT",0,0,1269.4,"biomass","Biomass June+October"
"2024","I",1,1,1599.6,"biomass","Biomass June+October"
"2024","W",1,1,1174.2,"biomass","Biomass June+October"
"2024","HM",1,1,1592.8,"biomass","Biomass June+October"
"2024","S",1,1,1432.2,"biomass","Biomass June+October"
"2024","6",6,6,887.4,"biomass","Biomass June+October"
"2024","6",6,6,1171.4,"biomass","Biomass June+October"
"2024","10",10,10,1196.2,"biomass","Biomass June+October"
"2024","8",8,8,1007.6,"biomass","Biomass June+October"
"2024","HM",1,1,1347,"biomass","Biomass June+October"
"2024","4",4,4,1473.2,"biomass","Biomass June+October"
"2024","6",6,6,685.4,"biomass","Biomass June+October"
"2024","I",1,1,1174,"biomass","Biomass June+October"
"2024","CT",0,0,1374.2,"biomass","Biomass June+October"
"2024","CT",0,0,1287.8,"biomass","Biomass June+October"
"2024","MP",1,1,1339.8,"biomass","Biomass June+October"
"2024","S",1,1,540.8,"biomass","Biomass June+October"
"2024","MP",1,1,982.4,"biomass","Biomass June+October"
"2024","W",1,1,1645,"biomass","Biomass June+October"
"2024","CT",0,0,1815.6,"biomass","Biomass June+October"
"2024","4",4,4,1118.4,"biomass","Biomass June+October"
"2024","CT",0,0,1915.4,"biomass","Biomass June+October"
"2024","10",10,10,954,"biomass","Biomass June+October"
"2024","2",2,2,1755.2,"biomass","Biomass June+October"
"2024","8",8,8,954.8,"biomass","Biomass June+October"
"2024","D",1,1,1234.6,"biomass","Biomass June+October"
"2024","SF",1,1,1176.2,"biomass","Biomass June+October"
"2024","2",2,2,1326,"biomass","Biomass June+October"
"2024","AF",1,1,1062.4,"biomass","Biomass June+October"
"2024","SF",1,1,1554.8,"biomass","Biomass June+October"
"2024","2",2,2,1339.8,"biomass","Biomass June+October"
"2024","6",6,6,983.4,"biomass","Biomass June+October"
"2024","2",2,2,1233.4,"biomass","Biomass June+October"
"2024","SF",1,1,1655,"biomass","Biomass June+October"
"2024","4",4,4,1941.4,"biomass","Biomass June+October"
"2024","D",1,1,1154,"biomass","Biomass June+October"
"2024","AF",1,1,1327.4,"biomass","Biomass June+October"
"2024","10",10,10,987,"biomass","Biomass June+October"
"2024","8",8,8,1502.6,"biomass","Biomass June+October"
"2024","SF",1,1,1168.4,"biomass","Biomass June+October"
"2024","10",10,10,1516.6,"biomass","Biomass June+October"
"2024","N",1,1,1946.6,"biomass","Biomass June+October"
"2024","HM",1,1,1780.4,"biomass","Biomass June+October"
"2024","AF",1,1,2177.8,"biomass","Biomass June+October"
"2024","I",1,1,2086.6,"biomass","Biomass June+October"
"2024","SF",1,1,1796.8,"biomass","Biomass June+October"
"2024","W",1,1,1231.2,"biomass","Biomass June+October"
"2024","W",1,1,1103.8,"biomass","Biomass June+October"
"2024","S",1,1,1211.8,"biomass","Biomass June+October"
"2024","4",4,4,1980.6,"biomass","Biomass June+October"
"2024","D",1,1,1218.4,"biomass","Biomass June+October"
"2024","2",2,2,1362.4,"biomass","Biomass June+October"
"2024","AF",1,1,1976.2,"biomass","Biomass June+October"
"2024","W",1,1,1072.6,"biomass","Biomass June+October"
"2024","2",2,2,2248,"biomass","Biomass June+October"
"2024","10",10,10,1107.4,"biomass","Biomass June+October"
"2024","A",1,1,1918.2,"biomass","Biomass June+October"
"2024","2",2,2,1452.6,"biomass","Biomass June+October"
"2024","8",8,8,886,"biomass","Biomass June+October"
"2024","D",1,1,1439,"biomass","Biomass June+October"
"2024","S",1,1,1359,"biomass","Biomass June+October"
"2024","HM",1,1,1367.6,"biomass","Biomass June+October"
"2024","CT",0,0,1520.6,"biomass","Biomass June+October"
"2024","6",6,6,1307.8,"biomass","Biomass June+October"
"2024","I",1,1,1735.8,"biomass","Biomass June+October"
"2024","A",1,1,2717.6,"biomass","Biomass June+October"
"2024","MP",1,1,2496.2,"biomass","Biomass June+October"
"2024","AF",1,1,1912.8,"biomass","Biomass June+October"
"2024","4",4,4,737.4,"biomass","Biomass June+October"
"2024","SF",1,1,1591.8,"biomass","Biomass June+October"
"2024","6",6,6,1799.2,"biomass","Biomass June+October"
"2024","MP",1,1,2067.8,"biomass","Biomass June+October"
"2024","6",6,6,1568,"biomass","Biomass June+October"
"2024","CT",0,0,1404.4,"biomass","Biomass June+October"
"2024","10",10,10,962,"biomass","Biomass June+October"
"2024","4",4,4,1274.2,"biomass","Biomass June+October"
"2024","N",1,1,2450.2,"biomass","Biomass June+October"
"2024","6",6,6,2253.8,"biomass","Biomass June+October"
"2024","A",1,1,2200,"biomass","Biomass June+October"
"2024","10",10,10,802.2,"biomass","Biomass June+October"
"2024","10",10,10,849.4,"biomass","Biomass June+October"
"2024","S",1,1,2354.8,"biomass","Biomass June+October"
"2024","SF",1,1,1840,"biomass","Biomass June+October"
"2024","D",1,1,1301,"biomass","Biomass June+October"
"2024","A",1,1,1201.2,"biomass","Biomass June+October"
"2024","2",2,2,1005.8,"biomass","Biomass June+October"
"2024","HM",1,1,2209,"biomass","Biomass June+October"
"2024","4",4,4,1213.4,"biomass","Biomass June+October"
"2024","8",8,8,1582.4,"biomass","Biomass June+October"
"2024","8",8,8,853.8,"biomass","Biomass June+October"
"2024","HM",1,1,1811.4,"biomass","Biomass June+October"
"2024","CT",0,0,2044,"biomass","Biomass June+October"
"2024","S",1,1,2144,"biomass","Biomass June+October"
"2024","MP",1,1,1265,"biomass","Biomass June+October"
"2024","6",6,6,879.2,"biomass","Biomass June+October"
"2024","HM",1,1,1539.6,"biomass","Biomass June+October"
"2024","D",1,1,1467.8,"biomass","Biomass June+October"
"2024","6",6,6,1161.8,"biomass","Biomass June+October"
"2024","CT",0,0,2400,"biomass","Biomass June+October"
"2024","8",8,8,1772.2,"biomass","Biomass June+October"
"2024","A",1,1,2310,"biomass","Biomass June+October"
"2024","2",2,2,1011.6,"biomass","Biomass June+October"
"2024","4",4,4,861.2,"biomass","Biomass June+October"
"2024","10",10,10,1512,"biomass","Biomass June+October"
"2024","A",1,1,1137.2,"biomass","Biomass June+October"
"2024","N",1,1,1552,"biomass","Biomass June+October"
"2024","CT",0,0,1375.6,"biomass","Biomass June+October"
"2024","N",1,1,1452.2,"biomass","Biomass June+October"
"2024","SF",1,1,1427.4,"biomass","Biomass June+October"
"2024","HM",1,1,1854.6,"biomass","Biomass June+October"
"2024","AF",1,1,1330.4,"biomass","Biomass June+October"
"2024","6",6,6,936,"biomass","Biomass June+October"
"2024","I",1,1,1155.2,"biomass","Biomass June+October"
"2024","8",8,8,1250.6,"biomass","Biomass June+October"
"2024","CT",0,0,1915.2,"biomass","Biomass June+October"
"2024","8",8,8,1323.8,"biomass","Biomass June+October"
"2024","10",10,10,709.8,"biomass","Biomass June+October"
"2024","A",1,1,1380.2,"biomass","Biomass June+October"
"2024","I",1,1,1660,"biomass","Biomass June+October"
"2024","N",1,1,1864.4,"biomass","Biomass June+October"
"2024","4",4,4,1688.4,"biomass","Biomass June+October"
"2024","CT",0,0,1369.6,"biomass","Biomass June+October"
"2024","4",4,4,1290.6,"biomass","Biomass June+October"
"2024","S",1,1,1563.6,"biomass","Biomass June+October"
"2024","8",8,8,1422.6,"biomass","Biomass June+October"
"2024","D",1,1,1847,"biomass","Biomass June+October"
"2024","MP",1,1,1752.8,"biomass","Biomass June+October"
"2024","A",1,1,1840.2,"biomass","Biomass June+October"
"2025","N",1,1,591.3,"biomass","Biomass June+October"
"2025","I",1,1,605.6,"biomass","Biomass June+October"
"2025","AF",1,1,558.2,"biomass","Biomass June+October"
"2025","AF",1,1,766.5,"biomass","Biomass June+October"
"2025","10",10,10,911.9,"biomass","Biomass June+October"
"2025","N",1,1,783,"biomass","Biomass June+October"
"2025","W",1,1,544.5,"biomass","Biomass June+October"
"2025","D",1,1,549.4,"biomass","Biomass June+October"
"2025","W",1,1,707.9,"biomass","Biomass June+October"
"2025","10",10,10,996.5,"biomass","Biomass June+October"
"2025","2",2,2,481.7,"biomass","Biomass June+October"
"2025","MP",1,1,623.9,"biomass","Biomass June+October"
"2025","2",2,2,499.5,"biomass","Biomass June+October"
"2025","8",8,8,739.3,"biomass","Biomass June+October"
"2025","4",4,4,782.7,"biomass","Biomass June+October"
"2025","4",4,4,410.2,"biomass","Biomass June+October"
"2025","MP",1,1,641.3,"biomass","Biomass June+October"
"2025","2",2,2,596.9,"biomass","Biomass June+October"
"2025","W",1,1,495,"biomass","Biomass June+October"
"2025","6",6,6,683.1,"biomass","Biomass June+October"
"2025","I",1,1,1101.1,"biomass","Biomass June+October"
"2025","S",1,1,591.4,"biomass","Biomass June+October"
"2025","CT",0,0,708.7,"biomass","Biomass June+October"
"2025","8",8,8,568.7,"biomass","Biomass June+October"
"2025","N",1,1,904.3,"biomass","Biomass June+October"
"2025","CT",0,0,797.2,"biomass","Biomass June+October"
"2025","CT",0,0,518.9,"biomass","Biomass June+October"
"2025","I",1,1,642.3,"biomass","Biomass June+October"
"2025","W",1,1,613.4,"biomass","Biomass June+October"
"2025","HM",1,1,601.1,"biomass","Biomass June+October"
"2025","S",1,1,691.8,"biomass","Biomass June+October"
"2025","6",6,6,708.5,"biomass","Biomass June+October"
"2025","6",6,6,684.7,"biomass","Biomass June+October"
"2025","10",10,10,802.5,"biomass","Biomass June+October"
"2025","8",8,8,452.4,"biomass","Biomass June+October"
"2025","HM",1,1,802.4,"biomass","Biomass June+October"
"2025","4",4,4,1005.8,"biomass","Biomass June+October"
"2025","6",6,6,412.8,"biomass","Biomass June+October"
"2025","I",1,1,567,"biomass","Biomass June+October"
"2025","CT",0,0,648.4,"biomass","Biomass June+October"
"2025","CT",0,0,605.3,"biomass","Biomass June+October"
"2025","MP",1,1,737.7,"biomass","Biomass June+October"
"2025","S",1,1,619.2,"biomass","Biomass June+October"
"2025","MP",1,1,944.5,"biomass","Biomass June+October"
"2025","W",1,1,757.1,"biomass","Biomass June+October"
"2025","CT",0,0,642.5,"biomass","Biomass June+October"
"2025","4",4,4,645,"biomass","Biomass June+October"
"2025","CT",0,0,778.4,"biomass","Biomass June+October"
"2025","10",10,10,633.6,"biomass","Biomass June+October"
"2025","2",2,2,765.9,"biomass","Biomass June+October"
"2025","8",8,8,619,"biomass","Biomass June+October"
"2025","D",1,1,820,"biomass","Biomass June+October"
"2025","SF",1,1,743.9,"biomass","Biomass June+October"
"2025","2",2,2,662.5,"biomass","Biomass June+October"
"2025","AF",1,1,748.5,"biomass","Biomass June+October"
"2025","SF",1,1,934.4,"biomass","Biomass June+October"
"2025","2",2,2,659.2,"biomass","Biomass June+October"
"2025","6",6,6,652,"biomass","Biomass June+October"
"2025","2",2,2,742.3,"biomass","Biomass June+October"
"2025","SF",1,1,704.9,"biomass","Biomass June+October"
"2025","4",4,4,901.6,"biomass","Biomass June+October"
"2025","D",1,1,529.5,"biomass","Biomass June+October"
"2025","AF",1,1,590.7,"biomass","Biomass June+October"
"2025","10",10,10,540,"biomass","Biomass June+October"
"2025","8",8,8,654.3,"biomass","Biomass June+October"
"2025","SF",1,1,685.3,"biomass","Biomass June+October"
"2025","10",10,10,837,"biomass","Biomass June+October"
"2025","N",1,1,869.4,"biomass","Biomass June+October"
"2025","HM",1,1,1027.5,"biomass","Biomass June+October"
"2025","AF",1,1,835.6,"biomass","Biomass June+October"
"2025","I",1,1,814.9,"biomass","Biomass June+October"
"2025","SF",1,1,673.2,"biomass","Biomass June+October"
"2025","W",1,1,708.6,"biomass","Biomass June+October"
"2025","W",1,1,895.7,"biomass","Biomass June+October"
"2025","S",1,1,853.3,"biomass","Biomass June+October"
"2025","4",4,4,676.7,"biomass","Biomass June+October"
"2025","D",1,1,275.2,"biomass","Biomass June+October"
"2025","2",2,2,718.7,"biomass","Biomass June+October"
"2025","AF",1,1,948.8,"biomass","Biomass June+October"
"2025","W",1,1,832.7,"biomass","Biomass June+October"
"2025","2",2,2,1080.6,"biomass","Biomass June+October"
"2025","10",10,10,710.6,"biomass","Biomass June+October"
"2025","A",1,1,791.7,"biomass","Biomass June+October"
"2025","2",2,2,730.2,"biomass","Biomass June+October"
"2025","8",8,8,583.6,"biomass","Biomass June+October"
"2025","D",1,1,814.5,"biomass","Biomass June+October"
"2025","S",1,1,794.3,"biomass","Biomass June+October"
"2025","HM",1,1,660.4,"biomass","Biomass June+October"
"2025","CT",0,0,924.5,"biomass","Biomass June+October"
"2025","6",6,6,582.5,"biomass","Biomass June+October"
"2025","I",1,1,1023.9,"biomass","Biomass June+October"
"2025","A",1,1,1086.3,"biomass","Biomass June+October"
"2025","MP",1,1,1161.7,"biomass","Biomass June+October"
"2025","AF",1,1,997.8,"biomass","Biomass June+October"
"2025","4",4,4,982.5,"biomass","Biomass June+October"
"2025","SF",1,1,799.4,"biomass","Biomass June+October"
"2025","6",6,6,870.6,"biomass","Biomass June+October"
"2025","MP",1,1,737.4,"biomass","Biomass June+October"
"2025","6",6,6,450.2,"biomass","Biomass June+October"
"2025","CT",0,0,744.2,"biomass","Biomass June+October"
"2025","10",10,10,813.7,"biomass","Biomass June+October"
"2025","4",4,4,1188.3,"biomass","Biomass June+October"
"2025","N",1,1,1298.6,"biomass","Biomass June+October"
"2025","6",6,6,906.2,"biomass","Biomass June+October"
"2025","A",1,1,995.9,"biomass","Biomass June+October"
"2025","10",10,10,1287.8,"biomass","Biomass June+October"
"2025","10",10,10,765.2,"biomass","Biomass June+October"
"2025","S",1,1,1202.5,"biomass","Biomass June+October"
"2025","SF",1,1,820.1,"biomass","Biomass June+October"
"2025","D",1,1,666.8,"biomass","Biomass June+October"
"2025","A",1,1,713,"biomass","Biomass June+October"
"2025","2",2,2,1140.9,"biomass","Biomass June+October"
"2025","HM",1,1,918,"biomass","Biomass June+October"
"2025","4",4,4,933.6,"biomass","Biomass June+October"
"2025","8",8,8,906,"biomass","Biomass June+October"
"2025","8",8,8,768.2,"biomass","Biomass June+October"
"2025","HM",1,1,837.3,"biomass","Biomass June+October"
"2025","CT",0,0,1044.8,"biomass","Biomass June+October"
"2025","S",1,1,1196.8,"biomass","Biomass June+October"
"2025","MP",1,1,1045.6,"biomass","Biomass June+October"
"2025","6",6,6,769.7,"biomass","Biomass June+October"
"2025","HM",1,1,756.6,"biomass","Biomass June+October"
"2025","D",1,1,904.4,"biomass","Biomass June+October"
"2025","6",6,6,904.8,"biomass","Biomass June+October"
"2025","CT",0,0,772.3,"biomass","Biomass June+October"
"2025","8",8,8,682.1,"biomass","Biomass June+October"
"2025","A",1,1,1125.8,"biomass","Biomass June+October"
"2025","2",2,2,524.4,"biomass","Biomass June+October"
"2025","4",4,4,955.2,"biomass","Biomass June+October"
"2025","10",10,10,665.5,"biomass","Biomass June+October"
"2025","A",1,1,1367.3,"biomass","Biomass June+October"
"2025","N",1,1,997.7,"biomass","Biomass June+October"
"2025","CT",0,0,773.9,"biomass","Biomass June+October"
"2025","N",1,1,928.2,"biomass","Biomass June+October"
"2025","SF",1,1,874,"biomass","Biomass June+October"
"2025","HM",1,1,823.9,"biomass","Biomass June+October"
"2025","AF",1,1,930.3,"biomass","Biomass June+October"
"2025","6",6,6,862.2,"biomass","Biomass June+October"
"2025","I",1,1,847.4,"biomass","Biomass June+October"
"2025","8",8,8,872.8,"biomass","Biomass June+October"
"2025","CT",0,0,1138,"biomass","Biomass June+October"
"2025","8",8,8,811.5,"biomass","Biomass June+October"
"2025","10",10,10,788.1,"biomass","Biomass June+October"
"2025","A",1,1,753.5,"biomass","Biomass June+October"
"2025","I",1,1,755.9,"biomass","Biomass June+October"
"2025","N",1,1,981.9,"biomass","Biomass June+October"
"2025","4",4,4,1021.4,"biomass","Biomass June+October"
"2025","CT",0,0,1113.5,"biomass","Biomass June+October"
"2025","4",4,4,877.7,"biomass","Biomass June+October"
"2025","S",1,1,624.4,"biomass","Biomass June+October"
"2025","8",8,8,945.6,"biomass","Biomass June+October"
"2025","D",1,1,1038.3,"biomass","Biomass June+October"
"2025","MP",1,1,1235.9,"biomass","Biomass June+October"
"2025","A",1,1,1114,"biomass","Biomass June+October"
